latitude,longitude,priority
40.67107604443395,-73.96225280397871,2
40.69107483308771,-73.91614123124437,5
40.625561304981154,-73.97878204413287,1
40.617031124766285,-73.97393058901369,1
40.617458411940085,-73.96199699217054,1
40.62394527718783,-73.9651722761378,5
40.61815439972062,-73.97341762182162,1
40.682397004711305,-73.95546146452364,1
40.65705964057316,-73.94302348554197,1
40.68740788881475,-74.02016027517759,3
40.59356337998323,-73.98039444452735,1
40.61911799364782,-74.00768112679425,3
40.65775792428349,-73.98859938433479,3
40.64147759360269,-73.99817527033872,1
40.62428067183603,-73.90766476726249,2
40.62295367117196,-73.94483274951449,1
40.61801736506124,-73.94848211802842,4
40.6939739158991,-73.92787293165136,4
40.67872074296781,-73.97339633066701,1
40.62400084770824,-73.95499541390686,1
40.66489634277438,-73.9604142451977,1
40.690833539949374,-73.98656538585338,3
40.64827207583925,-73.95066542011192,3
40.676282219110895,-73.94590364122578,2
40.6519049724419,-73.96851058506165,3
40.61543403689778,-73.95141059838421,1
40.576982263994,-73.94367036582592,1
40.68658934921567,-73.94430528530852,2
40.63343768838124,-73.97675763918127,3
40.642904411617295,-73.96603527153896,2
40.70248122926513,-73.93826261380251,2
40.70583847603381,-73.96649573304073,1
40.613016793322025,-73.98528660786143,3
40.65264447856431,-74.00125098820871,2
40.64627950039898,-73.97480516957991,2
40.63063012169939,-73.97432837427672,2
40.61183171749381,-73.9555328490482,3
40.6892535087358,-73.98192736934152,1
40.59821179962531,-73.9654105335958,3
40.59561362122603,-73.96481365001681,3
40.699996455799976,-73.9790516617043,1
40.63206518155045,-73.97225281504589,2
40.62076027203617,-73.98793809078117,2
40.6438535648551,-73.9866864495348,1
40.70390165681776,-73.91919386701748,3
40.660655184627565,-73.93872661029162,2
40.57259062487207,-74.00100953988813,1
40.67457431199208,-73.98510897162747,2
40.60207663141056,-73.9184944987168,4
40.68768857100864,-73.92872723412303,3
40.59911835134312,-73.94775808978966,3
40.57330967287582,-73.98038880913789,4
40.651136999154375,-73.95022340509959,4
40.70876721413775,-73.96813980926713,2
40.62039147614028,-73.94975094753686,3
40.57439578772048,-73.96167352121246,2
40.61312153288489,-73.97137353092963,4
40.60000435867039,-73.96047192183676,4
40.693593919102064,-73.95922705292172,4
40.60123834079233,-73.96920218779087,3
40.69888157712321,-73.96992487921172,1
40.59486112628403,-73.95708097445946,2
40.6631209109171,-73.98962031999466,1
40.65742569248203,-74.00085268566103,1
40.68679282234997,-73.97383654202925,2
40.63406844101437,-73.96323498601467,4
40.612892434883406,-73.9567857856662,2
40.68572566530318,-73.98547083575963,2
40.64774857434709,-73.97360525376138,2
40.69450836668373,-73.9561169003447,1
40.69569493415805,-73.9711259743543,3
40.5981434379578,-73.94955274082076,1
40.6113916617389,-73.94003228285332,3
40.70911564099436,-73.95109267739701,1
40.66527010067768,-73.94728883660294,2
40.65992634648831,-73.97693124373404,3
40.682717207607126,-73.99961278983402,2
40.63200708243178,-73.93590693633884,1
40.64952572638137,-73.94268047755124,1
40.69223839948639,-73.97249864207642,1
40.681375303482426,-73.97860221449795,1
40.586764079773545,-73.99081302900619,2
40.61401757954751,-73.9542995807168,1
40.65843931503008,-73.99815696357368,3
40.585007996924965,-73.99558844707283,1
40.624886678916624,-73.97414884279974,4
40.60560595764524,-73.96965240807492,2
40.606080116846414,-73.95860552324599,1
40.6028421129322,-73.9273653443366,5
40.66819980918102,-73.94641782155162,1
40.6247739807554,-73.9914219964099,3
40.6550225862871,-73.9595678935324,1
40.65785740822229,-73.97195452692094,4
40.69794078528677,-73.93528572494618,2
40.64125826978211,-73.98232742252571,4
40.59935381777313,-73.99425854572547,1
40.59482893694873,-73.96205253855038,1
40.61510456860917,-73.95297886202549,3
40.64122846939158,-73.96790571682588,1
40.69417524137786,-73.93856738413011,2
40.62197406075212,-73.98673350472737,1
40.688586424048296,-73.97365421021162,1
40.67227839490445,-73.9803423190628,2
40.608241873182685,-73.99737713777368,4
40.624610385152494,-73.96484404696375,1
40.59078669048079,-73.9739693958343,3
40.620582997696495,-73.92835483080486,1
40.60762977298215,-73.97698614295228,1
40.69223830067051,-73.94337032391262,3
40.64983160311043,-73.9775535829745,1
40.64953601293088,-73.9597508435255,4
40.64796709600248,-74.00758825443847,1
40.65590286713567,-73.98373806023805,3
40.63987101411826,-73.96286495597806,1
40.68013937384104,-74.01612252774339,3
40.60557797647096,-73.95772850166817,2
40.69698672440445,-73.9515740965888,2
40.702253041974096,-73.97758028111004,2
40.69021204301818,-73.935448502191,1
40.70477498818194,-73.95222716808267,5
40.65244687730648,-73.9881585317652,2
40.68701889629747,-73.94171119008301,3
40.685810263287,-73.97218221992388,4
40.699051823102565,-73.92716339531434,1
40.58580323613327,-73.92804535542153,1
40.62491490963282,-73.94912204838764,3
40.6086342574005,-73.95321830338838,5
40.61444697365572,-73.9428066259157,2
40.64206735848897,-73.97248828859446,2
40.70345519783035,-73.96858842583622,3
40.59588370127181,-73.94847203382488,1
40.61711666496124,-73.96619199780174,3
40.643335225559404,-73.92590927668404,2
40.64187227855482,-73.95186963562746,4
40.67339194497519,-73.98966886665707,4
40.622402583192766,-73.94284917119417,1
40.62557205916133,-73.93531205811247,3
40.64273027807681,-73.98998706762933,4
40.62597737239519,-73.97219360012363,2
40.57902090880967,-73.93400260265496,3
40.58791081379673,-73.94803401575187,1
40.59684307472812,-73.94321100973741,1
40.682532300171445,-73.97829116049134,2
40.63445007170098,-73.97807070282046,5
40.64406891623021,-73.95120442844473,1
40.685342751021246,-73.95727608905845,1
40.66594399397313,-73.9452340979607,1
40.64922777843686,-73.99216815213546,3
40.61403556079603,-73.97736336946362,2
40.594437345946,-73.99050277957284,4
40.68628229353919,-73.96088672122123,3
40.70999033907497,-73.93984025985183,1
40.5793877640861,-73.97241199541027,1
40.59285109270599,-73.92904245048828,1
40.601662127062205,-73.99250748257457,3
40.66164670369064,-73.94801055440863,3
40.58432834402,-73.95643748784097,4
40.60701101013134,-73.99965351653077,3
40.66474237794697,-73.95992476911293,2
40.70009059898659,-73.90741258477246,3
40.67101740276803,-74.0010718190513,4
40.63736303073613,-73.91178478043118,1
40.6026665207002,-73.96220786940054,2
40.70386941978662,-73.94886579894218,2
40.66944489094041,-73.92283900064692,4
40.69645883131377,-73.97317161262602,1
40.59719397137913,-73.95330351860134,2
40.64218503174091,-73.97803129541458,4
40.60331337806488,-73.94030343306154,5
40.64248993863833,-73.96410996072034,3
40.60933233723787,-73.99656354032027,4
40.66564924315247,-73.97913662500383,3
40.641748028078645,-73.95706151676903,2
40.60564014228817,-73.97776358504534,1
40.6522566069602,-73.93626467941715,1
40.65800530515384,-73.93949667457625,1
40.68322378972471,-73.95479025230823,1
40.58769781830593,-73.98489217613113,1
40.68710987502234,-73.95464182326934,3
40.653195120568725,-73.96513916647928,3
40.59840677926787,-73.97201666829461,4
40.67496835692252,-73.92905512674929,4
40.691093134632304,-73.93007509516896,2
40.60988200900259,-73.96467192564056,4
40.62583186556595,-73.9384608481807,4
40.57948427613255,-73.95528018347011,3
40.70921733382433,-73.95768469762156,2
40.66964768255507,-74.00717725015063,2
40.67367940020464,-74.00515365447617,2
40.66007446496351,-73.96389916639434,1
40.65918562145233,-73.97318782963937,3
40.59047744128959,-73.95704269223519,1
40.69556186392022,-73.97733913886896,2
40.6303463487944,-73.97014579257969,1
40.65005260527413,-73.97474927111647,1
40.69403863527506,-73.95746822753169,1
40.57894108618744,-73.99545899132963,1
40.60665778762134,-73.92715115297628,1
40.586437355118655,-73.95407808269074,3
40.62002748120351,-73.96572095878746,1
40.69330788055627,-73.93558562861371,3
40.65838478161496,-73.96506278903328,2
40.68145414477559,-73.98090379131355,1
40.66203259223404,-73.97901294237784,1
40.656515507844766,-73.94928925434264,1
40.60542658959625,-73.94958234258897,5
40.690213081134246,-73.95135811697025,3
40.61737490947942,-73.98420605788927,3
40.62469859519696,-73.99089995198122,3
40.70174308567664,-73.98280468414978,3
40.7057005275816,-73.92748986358215,4
40.6525544065106,-73.97643962538396,1
40.61383992500237,-73.97805461597773,1
40.60627286630155,-73.96282690175211,4
40.58576447876003,-73.96257680222465,1
40.59301404101763,-73.93889795126452,2
40.69817094403823,-73.94591093318466,2
40.69894500696972,-73.97048207628252,4
40.69093984861921,-73.95030965818243,1
40.70650065752002,-73.95484545109264,1
40.64677113791576,-73.9851743634643,3
40.653218240268245,-73.96362474207801,5
40.66643077291049,-73.97941563275256,1
40.60100867491469,-73.96859548974307,1
40.575458639999695,-74.00372267025931,1
40.67409668124061,-73.93593457545589,1
40.69217197945035,-73.96811742364967,3
40.58555947510091,-73.93861755191381,1
40.64259592801615,-73.98759600154571,3
40.70792141270025,-73.96257336854875,3
40.59208124391216,-73.96427066564247,1
40.697523419123726,-73.97151445769094,1
40.66890153028906,-73.95862519292615,4
40.60526148245084,-73.98042549430285,1
40.64375047053411,-73.9417919856509,1
40.62228112367946,-73.98201930051937,3
40.58512380812824,-73.99386227061738,4
40.62226686484546,-73.96619241074896,2
40.57991487922848,-73.9124376357334,4
40.59183743520738,-73.98708651030832,3
40.57781760952938,-73.98337219107006,1
40.59071894391517,-73.98327194555637,2
40.65843139902648,-73.94599005983478,4
40.572104937621305,-73.99087676917227,1
40.605139731290535,-73.94889159660387,2
40.6345392120999,-73.97475079614851,1
40.676475976884745,-73.95657819808409,3
40.654024548435885,-73.96310567267976,1
40.59810344178617,-73.98825691102111,1
40.60710666959386,-73.99018322980979,2
40.61815378537573,-73.95508579567861,2
40.69450124184228,-73.92222163857255,1
40.57978681551759,-73.94349007116391,3
40.63383555453528,-73.92222107131161,1
40.58455447781415,-73.95855767727168,2
40.6895361666078,-73.96849437411318,2
40.58071552895961,-73.95470370069104,1
40.58648419815282,-73.97156423861294,1
40.60530928843566,-73.97633019711441,2
40.6208281494286,-73.94275294766109,1
40.581984600151245,-73.95486469998036,1
40.62680612683653,-73.91225831430977,1
40.62426763484508,-73.99353254401798,2
40.68075703954288,-73.96889172487954,1
40.618048037839664,-73.96184170172921,4
40.60951755054417,-73.94495328922297,1
40.69357229164465,-73.95227109495329,2
40.60363023663437,-74.00021858887202,1
40.68927481517972,-73.9276264252783,3
40.60026859910239,-73.97465587558263,3
40.62561715804295,-73.97584848556092,2
40.7064533476325,-73.96165270780111,1
40.66037309325808,-74.00192001976279,4
40.678175292047385,-73.96409533528117,1
40.59039280774076,-73.96283613405357,2
40.677418650782826,-73.9702273624986,2
40.635521584458246,-74.01096552928828,3
40.6962650826521,-73.93608881102264,3
40.62674570119196,-73.96971086748168,1
40.631078955991285,-73.96892697374699,3
40.68754712098148,-73.95664992940726,2
40.63686180406507,-73.98397799496317,1
40.66015404212224,-73.93382538962055,2
40.660170334223885,-73.95654207462155,1
40.62066898560824,-73.99214992383692,3
40.65437982850644,-73.98386670831766,2
40.70218686573228,-73.96980187455489,3
40.69106228846127,-73.99413016593611,1
40.66336266818824,-73.98306036538413,2
40.633334112222,-73.96910633226337,2
40.68463426635133,-73.97630695448147,2
40.600304275669885,-73.9944625210945,5
40.60156536240873,-73.94900043615016,1
40.62434712917539,-73.98965700360533,3
40.61352749925449,-73.97235262251671,3
40.63231079579633,-73.94169013473011,1
40.61490087105091,-73.96570394592482,3
40.64339251282674,-73.92259836227886,2
40.62584970689305,-73.91673255669406,2
40.68742258596109,-73.96446151543311,2
40.62857152037712,-73.99019553062695,3
40.656964060213085,-73.9429587353112,1
40.58763427498518,-73.9526557812136,2
40.66901107520848,-73.97233153097325,3
40.69010751230279,-73.97933613285339,2
40.62579550524932,-73.99014780129038,2
40.57936262171246,-73.95703481461791,1
40.6548731061076,-73.9573193367771,1
40.617379369626775,-73.98485149041274,2
40.69017824265425,-73.94863891891191,1
40.60733084269463,-73.97353635186226,2
40.68549883623102,-73.94768598161838,3
40.58692726736528,-73.97582273663411,2
40.62898044945391,-74.01502930330179,1
40.64646480803994,-73.96595052825127,1
40.57316421955324,-73.98006621512876,1
40.63394702162674,-73.96025892964349,2
40.64378907414493,-73.96494916615765,1
40.57861556640789,-73.96260784368846,1
40.59800059663333,-73.98150141412604,3
40.63740884681146,-73.98166053959396,2
40.61622830105542,-73.95554638244589,2
40.57748851701552,-73.97655334664648,1
40.58000962722386,-73.93332066095397,3
40.64579583225086,-74.00381710457806,2
40.65814428031637,-73.93256639609513,4
40.61424976389047,-74.00130591373072,4
40.60797752804844,-73.95984496288355,2
40.67934674820506,-73.97974565022031,1
40.601182160548646,-73.98856884959942,1
40.591249884252846,-73.94427780337428,4
40.64760395824051,-73.91920577350277,3
40.67496338129568,-73.9540762139149,2
40.69970744269171,-73.95470698508962,5
40.68276352765617,-73.96340230316986,4
40.60345565113912,-74.01916438536612,1
40.63421188511499,-73.97639996087445,1
40.61958401592087,-73.9750469042868,2
40.68569010013154,-73.98972040421255,1
40.633137711835694,-73.95014897066092,1
40.68265087319363,-74.00584734470257,1
40.67484314037559,-73.95107223169984,4
40.67943941299578,-73.99148987064312,2
40.65199211571597,-73.98699997877245,4
40.67900631277882,-73.9932538172837,1
40.70844589586437,-73.99918819317614,2
40.67044355404378,-73.93436509202488,2
40.599093231197415,-73.93788897169874,4
40.587406819990576,-73.93424318792059,1
40.62989054237698,-73.95277022268515,1
40.65723176329271,-73.99379201750817,3
40.62633723765656,-74.0060059048545,1
40.59632947821461,-73.91964106582334,3
40.69265214768157,-73.91954170302823,3
40.65699042415608,-73.96783979942028,1
40.6145050141737,-73.98013742151892,2
40.60819360765695,-74.02621474048091,3
40.677742322776254,-73.95698489776976,2
40.63883534251412,-73.95966372687958,5
40.60985393667819,-74.0219266264361,2
40.69239771616841,-73.9828244605281,2
40.70099831880477,-73.9823560729001,1
40.59788712251538,-73.99333708357435,3
40.68671650400813,-73.95214073937765,2
40.69282971914495,-73.98436509477635,2
40.68382370439484,-73.96573309512904,1
40.60971001079154,-73.9847027013963,2
40.64428424909496,-73.9774379365684,1
40.658676309679,-73.95387562222496,1
40.61266199885836,-73.9578132412347,2
40.581885532283486,-73.98885569055808,1
40.67961904234989,-73.94618852376324,1
40.641156005264335,-73.98546689853961,1
40.68582720544802,-73.98349892285228,1
40.63236581962312,-73.93159587691828,1
40.6684962859165,-73.92904583606976,4
40.672489398294175,-74.00739122052391,1
40.57611675446562,-73.9610149030105,3
40.67180745418874,-74.00360974349472,2
40.6768761960289,-73.96986902406243,2
40.68030839072264,-73.9788625248959,4
40.62164507363776,-73.99545919929575,1
40.689189021528975,-73.97338036242644,5
40.574746557208535,-73.97744101935525,2
40.69380150872321,-73.99488542982951,2
40.63109878838981,-73.98216069073247,4
40.68229859529163,-73.947273775293,3
40.650474425006834,-73.96992054917756,1
40.64476072323958,-73.9704663073706,1
40.69673507161107,-73.95723412868905,2
40.6218303409945,-73.96523380699301,1
40.57595254856607,-73.97222322617523,3
40.65659610544448,-73.95706928998916,3
40.5886921231849,-73.96388258133,4
40.67629209434538,-73.91995182689963,1
40.69163416699244,-73.96939699829554,3
40.62394561523306,-73.96428004854918,1
40.68204905419913,-73.95936518985295,3
40.67122879058181,-73.97524705892117,1
40.68323581151531,-73.98124057581094,1
40.69325975242904,-73.96567137769854,1
40.65717013358805,-73.96887038677633,1
40.627806105283256,-73.9713262761488,3
40.63799142135829,-73.94524871489018,3
40.66311708147341,-73.95056946282155,3
40.66518899313301,-73.95076820654117,3
40.66601593902582,-73.9354244834993,1
40.667670844396014,-73.97118431386917,3
40.60592479239304,-73.94145879711922,5
40.65294697920656,-73.95298549111716,2
40.64502991645638,-73.98942285832322,3
40.65255779580938,-73.9152877041976,4
40.64945829435356,-73.9562951344292,2
40.57967423403189,-73.96684638208265,3
40.66489433728045,-73.98542381476973,5
40.653498471785554,-73.9407265835676,4
40.62234703454031,-73.95352471177796,2
40.6447725051255,-73.94692461506044,1
40.59235893153045,-73.9599360062044,1
40.66810757820642,-73.94217055572899,1
40.661764752806086,-73.96536323479201,2
40.67824726755964,-73.96767470652806,2
40.67692470281485,-73.95259842751766,1
40.6554614300164,-73.97514399650214,1
40.60502301202883,-73.97164117345005,4
40.64440831790086,-73.97881905107475,1
40.58036305391556,-73.98535111225415,2
40.60066778285854,-73.96717802687601,3
40.69526224480308,-73.99404660526677,3
40.70154016835248,-73.93495893490713,1
40.65431178377821,-73.9585850801603,4
40.68106629495618,-73.95607437076032,3
40.69459156244359,-73.95844860930181,1
40.57993802258135,-73.97709800465574,1
40.61701917965438,-73.9604673996804,3
40.58190646862861,-73.95519018465724,1
40.67307067936026,-73.9630118640209,1
40.57889066498959,-73.9685373191797,3
40.64041856852544,-73.93594337539372,2
40.70600235701423,-73.94885225365428,3
40.58537331414372,-73.99674681406428,1
40.658531160315576,-73.92512607479446,2
40.59617307095999,-73.98135221699764,3
40.62344289456538,-73.98945788338322,2
40.607942376464464,-73.97015080390786,1
40.63070543756975,-73.96195900475152,2
40.67407846173355,-73.93957938102241,2
40.651078172683526,-73.95952174975933,1
40.57565788603292,-73.95247903762589,1
40.58641786642386,-73.9819375512265,2
40.61086282134432,-73.97066453722358,5
40.68348699679309,-73.9267145492011,2
40.692310526631104,-73.9724127716877,2
40.57624973210212,-73.98276057983384,1
40.70363814164236,-73.9414374263752,4
40.59165908585995,-73.97837150230744,4
40.60209662630294,-73.9226353810148,4
40.69334165035489,-73.98319279112533,2
40.58675715350177,-73.95605503313199,1
40.63199663246549,-73.9676727202105,2
40.69750872062397,-73.97911058673073,1
40.59356973669079,-73.94088842116022,3
40.608465887672544,-73.9859519371313,1
40.61314607997653,-73.98705592648888,1
40.66291730357037,-73.98556240932437,1
40.63924772910242,-74.0184900157017,2
40.59328550407303,-73.96045932324552,1
40.633264749006365,-73.94301106030174,2
40.67377964912748,-73.96752223183539,2
40.64233527143283,-73.9571750198916,1
40.69917002312104,-73.97265941503879,2
40.687819907483096,-73.96117475286057,2
40.61050344437305,-73.99725366241952,4
40.57361174410952,-73.97276469783024,1
40.69452460946636,-73.96109235824684,1
40.67142771872506,-73.98650767777008,2
40.7086521024661,-73.93529229435103,1
40.66906898112368,-73.92467591577147,4
40.663781580847264,-73.99067031861614,2
40.63183895190625,-73.95190281181569,1
40.68592344218765,-73.97300283187194,3
40.67166932973137,-73.98646872302261,1
40.671066799648266,-73.99120769607741,1
40.574079105377095,-73.97053748615025,1
40.67218285363998,-73.97085323310371,2
40.673380291373896,-73.98211696669335,4
40.69080283454229,-73.9652615015088,1
40.63628575309466,-74.00887310850183,2
40.6331453854466,-73.96551753235369,3
40.67048860047616,-73.97436775057473,1
40.60008398187564,-73.97272653848512,4
40.6351089949722,-73.94786257929286,5
40.62227519666082,-73.9504076534005,2
40.59567105127076,-73.99046602940135,3
40.61125533700964,-73.93742057085537,2
40.60093315636958,-73.98363631284468,1
40.663117220883,-73.99287872835107,1
40.646751412719006,-73.93796349922448,1
40.661954985147815,-73.96659635090793,3
40.70626980923959,-73.95972286526695,3
40.68894436319303,-73.97154104780472,1
40.69112656775378,-73.94464720655499,2
40.70007083984845,-73.93103318038274,3
40.59473113114722,-73.97528696913109,1
40.64454396873995,-73.96581718951963,1
40.66164928923713,-73.97691478706162,1
40.701846488429695,-73.95309457297644,2
40.62906688972007,-73.95887049112886,1
40.70444058579166,-73.97002197134226,1
40.67116107563466,-73.99081434180735,1
40.59654434336324,-73.9687973675963,1
40.62055008230603,-73.94596153232936,1
40.58513212481066,-73.96813986300197,2
40.61633876956024,-73.93239470156553,3
40.63433454633572,-73.98447275978326,1
40.62381888835366,-73.99888134183229,1
40.68932130320532,-73.97873255872045,5
40.5886962439117,-73.9332099952467,3
40.60838011050963,-73.92937270997406,3
40.57811448895993,-73.98855102060405,1
40.69034306054149,-73.97232285600228,4
40.64923017200413,-73.99819403658573,2
40.586039116344914,-73.93000971980179,4
40.65423628106623,-73.94028633509816,3
40.59589492573011,-73.9574151828636,3
40.67091592231112,-73.97915865181753,5
40.6350160807334,-73.92089185853649,3
40.60791045322399,-73.97195211506806,3
40.69742062260559,-73.96694642219484,1
40.59611592906827,-73.94770046284766,2
40.68741483367506,-73.94573555459952,2
40.62952589766749,-73.96443642347839,1
40.615453587153546,-73.97328440662716,3
40.700354434847135,-73.94918379953039,2
40.6440735923098,-73.96086369199143,2
40.65699218843747,-73.99237340544136,2
40.68475628194032,-73.9382516473676,3
40.659559339296216,-73.99010896059976,1
40.57804784037357,-73.99895343400176,1
40.63067039703902,-73.93569229977871,4
40.61499515245048,-73.92886435102402,1
40.6889274408784,-73.97338235240679,4
40.62717762214984,-73.93338651957363,2
40.58635555845404,-73.96985438270734,1
40.64244004471534,-73.96420006410348,3
40.60644608083961,-73.99039572547971,1
40.57284205719873,-73.98431200094066,2
40.64425140084448,-73.97631158224804,2
40.60032893286012,-73.95019606080207,1
40.65887579620128,-73.93951865394513,3
40.63689899784532,-73.96907193509476,1
40.6323762202008,-73.9685970306221,1
40.63382690930496,-73.96041672983556,1
40.63594884745397,-73.96602439853933,2
40.64181362422896,-73.95555355002568,1
40.639189015251496,-73.96919014653267,4
40.6376017392718,-73.97292153866366,1
40.64392046318154,-73.97630104717841,1
40.63393960034004,-73.96011104389638,2
40.63561824547619,-73.96782665387948,1
40.6406171118593,-73.97587037347914,2
40.64844151176229,-73.96724970135473,3
40.629966498498405,-73.96123056363047,1
40.63931352532084,-73.97439632882755,1
40.62958500029013,-73.97817422856872,4
40.64126698586016,-73.9704910504072,2
40.65391924855237,-73.9742985723504,2
40.64009283285888,-73.98150119675148,2
40.6411216969087,-73.98453851037432,2
40.63231780003831,-73.97953532039939,2
40.63807624495553,-73.96703004646477,2
40.64163914215863,-73.9607629924371,3
40.63890209043015,-73.9622997098868,2
40.64803795468203,-73.9684058390266,1
40.64023185421227,-73.9623707645086,2
40.64937307602374,-73.97397532068616,3
40.63988135436617,-73.95198176740149,1
40.635133573480864,-73.97935066489823,3
40.64903685852625,-73.97179018432323,1
40.63729644563136,-73.9569149799298,1
40.64032143315281,-73.98383201102357,4
40.64639982262663,-73.96869658290954,1
40.63947003297167,-73.97454001009304,4
40.64669206783648,-73.96978834097085,1
40.63989679142325,-73.96926920272601,2
40.62789488149169,-73.96808377507148,2
40.62576517265293,-73.90066690999708,2
40.62235093012661,-73.93535499069867,2
40.62129018203441,-73.91819991628014,4
40.62812889529561,-73.9152927059183,1
40.63435486023533,-73.93713716802364,3
40.6311568944884,-73.91916763228681,2
40.61952081452672,-73.90946884976921,2
40.61913746613222,-73.92532580304228,1
40.61915500927537,-73.93224457918878,3
40.64719873064409,-73.93491883893964,1
40.61601915898049,-73.93282021032184,1
40.61989236299575,-73.91111011073184,2
40.62625409941547,-73.90360752237441,3
40.60673765282337,-73.91908605951537,4
40.62579832756084,-73.9034236823661,1
40.62414384561818,-73.9321554051599,1
40.61445011501068,-73.91008916045524,3
40.61804100502516,-73.91737476221968,1
40.61985584602152,-73.91258274689278,1
40.63538939664579,-73.90413800053057,4
40.613094489449786,-73.9279462036807,2
40.63362086304104,-73.90470539047192,3
40.61053540613423,-73.91043119033674,1
40.64094760566416,-73.91723814083934,2
40.63760620039054,-73.91459582568072,1
40.629230059597134,-73.90948849681294,5
40.639607797868806,-73.91829016373295,1
40.633806090744514,-73.90357008811155,3
40.63076110083664,-73.92401516015279,1
40.62637180307269,-73.92098718072842,2
40.63232950284011,-73.90545626590959,3
40.61515272500869,-73.91959796874012,3
40.62803801899239,-73.93474418319724,1
40.63155011631167,-73.9317339765603,2
40.62310190656868,-73.89560480661302,3
40.63890596848957,-73.92008256509212,1
40.62284726356858,-73.91032238704732,3
40.63092583476551,-73.9307591203152,2
40.62830665626885,-73.92791732209135,4
40.621665077950894,-73.92383156466714,1
40.62846760322176,-73.92138443771215,2
40.62495996509046,-73.92067982061945,2
40.63516119931748,-73.89681979131446,5
40.63763996542681,-73.90645926712604,1
40.620271636760606,-73.94477102262844,2
40.61664011491699,-73.90862331171036,3
40.61293268549033,-73.92353261394487,3
40.62179984306916,-73.91895457120563,1
40.63337533147973,-73.9092738550641,1
40.61196694750416,-73.91713415940555,1
40.63006743961908,-73.90642926112511,5
40.61521071706923,-73.9205263663106,2
40.62942671598447,-73.90527957593231,3
40.62251338865052,-73.91682487858822,2
40.62656306071318,-73.92099131085992,4
40.61236110844093,-73.93289895962694,3
40.61308792191614,-73.90926085359452,1
40.64469211082459,-73.93221743943442,2
40.64037756826098,-73.91466719516384,5
40.62014444045472,-73.91891716035364,3
40.61655149554251,-73.93313979581764,3
40.6045388298852,-73.93570460203783,1
40.64461968943017,-73.92128398782374,1
40.65835729303323,-73.91763008625853,3
40.630902639918126,-73.89792671575731,1
40.64502456771776,-73.9201867088154,1
40.65711094584364,-73.92021758759053,3
40.65089209006725,-73.92472653996387,2
40.63875612829944,-73.91081412562808,1
40.657350479770535,-73.91389653903711,2
40.66021586695816,-73.92489436509541,3
40.645683522300736,-73.90247895530364,5
40.64863143508733,-73.90366588918363,4
40.63093496074088,-73.92464379761239,2
40.63859383131921,-73.90657907345592,1
40.645403722753926,-73.92057647560254,3
40.64237296615048,-73.91457516642238,1
40.64581937871936,-73.90923606442391,2
40.636790350624246,-73.91805965030751,4
40.63679244764638,-73.90275088618894,2
40.63814679173644,-73.9114829486109,4
40.64743905019084,-73.91959257434324,2
40.64810361870269,-73.9055828547075,1
40.62418867421791,-73.92455934019199,4
40.64546991777669,-73.90853895557606,2
40.63908953854344,-73.92351973814931,1
40.65356850482039,-73.92583756973121,1
40.64284731259284,-73.9148195843836,3
40.644103580057,-73.92942265932537,4
40.64247118692667,-73.9214734194152,2
40.63284939517984,-73.9070364601208,1
40.65081210159895,-73.91524732966946,5
40.66275707866388,-73.92200588904511,1
40.64256437538634,-73.91482787762214,3
40.63410546040648,-73.90879760960509,1
40.65016277176304,-73.91005034616946,4
40.64037721834914,-73.90537525862621,2
40.66561583188176,-73.91591435086778,5
40.63929634217784,-73.93095980022498,3
40.635769025567406,-73.9101918004874,1
40.65373414875506,-73.9229466507227,2
40.65000840047976,-73.91306116914086,3
40.62286064047612,-73.92495767629721,4
40.64041466356152,-73.92140904889469,3
40.62563266875447,-73.91815080053036,2
40.64055823216112,-73.91521977945479,3
40.63862292938473,-73.91380645229638,1
40.64369709489538,-73.91284660817652,2
40.63274079476541,-73.90141106207038,3
40.64836041371096,-73.90866372616007,1
40.643516261273874,-73.90901141244242,2
40.639762130713066,-73.92286547383847,3
40.64234580847017,-73.9148594210718,3
40.64910339966072,-73.92249266887062,3
40.65089852952922,-73.91497256507415,4
40.65768366129624,-73.91702761136544,4
40.64038567974124,-73.90779500467917,3
40.639759931345175,-73.9207131805661,3
40.64023564179071,-73.92303789737262,2
40.65421951157401,-73.92115905097543,3
40.63652201988414,-73.92181548651682,1
40.6389244319198,-73.91374446582236,3
40.6467152015781,-73.93287726203076,4
40.63429788156847,-73.91780237456896,1
40.65372645644945,-73.92521038584046,1
40.6516781697401,-73.9069702598204,3
40.65412590660722,-73.91071952109739,2
40.65686208144374,-73.91877825000658,1
40.64926195118326,-73.89687646140167,1
40.65561703772084,-73.91076441114753,3
40.63721053730772,-73.92215891632179,1
40.63006053719051,-73.91782696609884,3
40.609807761796425,-73.99772370672062,2
40.65085284377648,-73.99492447465326,1
40.63146308120213,-73.98988919543235,2
40.62801872063524,-73.99731378119668,2
40.6062798787008,-73.99288736298494,1
40.612749247151626,-74.00028340282181,1
40.60631969764346,-73.99185762071274,2
40.6182446236736,-74.00347451082509,1
40.61796642167992,-73.99308081491371,4
40.60449661085641,-74.00487487118704,4
40.61522529800904,-74.00253855735649,4
40.62880474769143,-73.99483145189646,2
40.62705873569023,-74.00377145677172,1
40.61516991836376,-74.00583217910068,1
40.63175110952627,-73.9972315939156,2
40.61991365170002,-74.0008611660468,3
40.62248994774821,-73.99616859023874,1
40.60933766487022,-74.0015535344512,1
40.625836735291806,-73.98566017805815,1
40.6251967172424,-73.99504146308277,2
40.62988767143192,-74.00460151362294,3
40.63081882116767,-73.99154473740941,2
40.60747076742207,-74.0010831439669,1
40.645350463693646,-73.99487484036305,3
40.61862383082543,-74.00131293247809,2
40.64150048360662,-73.99932468929845,4
40.62048066384077,-74.00127780691473,2
40.60384844538437,-74.00040981704426,3
40.62116516246133,-74.0010858514018,2
40.60270854414316,-73.99398279144087,1
40.63959097337074,-73.99631109453139,2
40.62664581121052,-74.00304565461539,2
40.63593906562878,-73.99489690659179,1
40.6066718337805,-74.00392405340725,1
40.610348700358045,-74.00272779957619,2
40.63313525029693,-74.00750070158969,1
40.622193798981534,-73.96822499929907,2
40.61904890321873,-73.96957254612386,1
40.604015933534335,-73.96301310417627,3
40.61012962238468,-73.95563545628073,1
40.61314761055171,-73.96680505972509,3
40.60458558162649,-73.97051607795217,1
40.6227426364234,-73.96925842404366,2
40.606196688810336,-73.96653851357529,1
40.627832976016826,-73.96862055946156,2
40.602592877700495,-73.95224679431841,2
40.6173265667604,-73.95927728956104,1
40.60550408732927,-73.95948781053623,3
40.59086183059261,-73.95717499896766,5
40.62952362115155,-73.95404747119571,3
40.62534305756208,-73.9532885175292,2
40.59968836185742,-73.95491738253833,3
40.64631241067288,-73.95978630601896,1
40.60492025501488,-73.9650354589872,4
40.61566232661415,-73.96266364156529,1
40.5986000524822,-73.97457370336532,4
40.595817075607584,-73.971247923424,1
40.60745549920951,-73.95793648805852,2
40.62224059062037,-73.96055982108112,1
40.6328321784105,-73.95420091899715,4
40.613356089091845,-73.95814531230708,2
40.60987470084582,-73.95752976954269,4
40.60675539415487,-73.96300121378903,1
40.60120767207207,-73.95579101885232,1
40.607192423104784,-73.9703598532811,3
40.608258233713926,-73.96583169264795,1
40.616081565816856,-73.96918071185478,2
40.58830555937673,-73.96962316617562,1
40.60276970429101,-73.96994066095259,2
40.615068362323775,-73.95544642152078,3
40.63249487365856,-73.96590699924272,2
40.61272126912117,-73.9550497262983,1
40.612439431133055,-73.9577396811721,3
40.63729352684446,-73.96748943066639,1
40.59261237474838,-73.96967403909944,1
40.6403373085383,-73.95911636643703,1
40.60750415596808,-73.95787733996094,3
40.613853102050925,-73.96293636614286,1
40.61990711945044,-73.96946494240902,1
40.59787740919156,-73.96523499555542,1
40.62301198169274,-73.9603448227126,1
40.60653922550692,-73.95515204013782,4
40.62168528405648,-73.97036845908806,3
40.6150884160236,-73.96602386569258,1
40.62711447014088,-73.92981228179733,2
40.61863728461093,-73.91067353905669,1
40.61964256463565,-73.91352357845543,2
40.61994421470296,-73.92248894364089,3
40.62452343703238,-73.91298600103225,1
40.62242862453829,-73.91220479370259,1
40.60884268361345,-73.92120744803853,1
40.61265067882517,-73.91284382254052,3
40.61762453199436,-73.90902101830852,2
40.620904939891226,-73.91581352790458,3
40.61372025719556,-73.91882126558778,1
40.6144691143946,-73.91466133307341,3
40.61208134298878,-73.91106139750319,2
40.61013991025279,-73.91287683777729,1
40.61881389170959,-73.91826322627222,3
40.615000913612576,-73.90246578634071,2
40.61374734954623,-73.91139096694832,1
40.62067251188725,-73.90013302665137,2
40.619363833797024,-73.90901693635901,4
40.60996726630285,-73.90371447073126,1
40.62597085512921,-73.91876100202424,2
40.61136345210977,-73.91103653796874,1
40.6135550321392,-73.89752712363216,1
40.617862234071886,-73.90322603035621,4
40.62339822213932,-73.90799890759278,3
40.621153804911394,-73.9025467576526,1
40.61117270492914,-73.92089695928884,1
40.602010294537045,-73.93695113858819,1
40.5865682683372,-73.94896973487461,2
40.59323475196322,-73.94314460196769,5
40.592673079085806,-73.93192238238686,3
40.57632037046964,-73.94996157040173,1
40.57869775238414,-73.94086154984494,2
40.58716177070479,-73.94607634587543,1
40.59230111796379,-73.93085679523433,2
40.589517268142856,-73.93878393294821,4
40.5959999096175,-73.93770703756974,2
40.58617397072,-73.94416853787754,5
40.58701848419311,-73.93020064082665,3
40.58926644438687,-73.92361198883268,1
40.58626564104095,-73.94794748284933,2
40.57732755906788,-73.94058927202393,2
40.59101347604069,-73.94209640482119,3
40.58016849195665,-73.94991121670935,2
40.57878742424377,-73.9526427819231,1
40.575666449666976,-73.93901126430137,1
40.596198705395146,-73.94898889511981,2
40.58778426907874,-73.93431803259112,5
40.586825483869696,-73.93171138268171,4
40.59394641026037,-73.95394690514678,2
40.60757880331243,-73.94964888286471,4
40.60143365375918,-73.93916650972098,2
40.590332961618095,-73.94016206912633,1
40.6043710233239,-73.95356617108489,1
40.589140006609526,-73.93551865766612,2
40.58704193241477,-73.93305062528405,3
40.59486203472828,-73.93625072843926,2
40.57842973098577,-73.94596748257196,3
40.58584068422362,-73.95333801412389,1
40.576353599038775,-73.95733028023403,4
40.57758155969099,-73.94407566151747,1
40.5956841154372,-73.95456303585802,3
40.58480556502339,-73.95237893869651,1
40.594044774781125,-73.94210820010592,1
40.594067590275245,-73.9489412583233,2
40.57687286715942,-73.95325800598184,2
40.595697029957904,-73.93462443704762,2
40.59656107276373,-73.94155204997888,1
40.57897558100085,-73.93615634081274,4
40.57842582340648,-73.95141313598575,3
40.57693255570437,-74.00278768612694,4
40.575878061110046,-74.00919754269843,5
40.6652720913002,-73.91507728632024,2
40.68074179728542,-73.902651150387,1
40.65337862271485,-73.89589385535716,2
40.67645940252898,-73.90124829647883,2
40.66503183940139,-73.89948872803495,3
40.68931281916549,-73.90283886847654,4
40.682096966136456,-73.89819052029442,3
40.65602617360392,-73.89925831180324,2
40.68905952468816,-73.91965041651459,1
40.69932692154582,-73.91870566893861,1
40.677641713592585,-73.91542775860731,2
40.67998506175423,-73.89681098661507,1
40.66237808139999,-73.92793068986084,1
40.70012074318788,-73.90305749574848,3
40.6699701579323,-73.91774718048083,3
40.68674106700316,-73.90918763743686,2
40.660654141057286,-73.90522229246166,3
40.694254439040456,-73.91582950544142,4
40.597455021961245,-73.9828370879579,5
40.59623127911156,-73.95708657516171,1
40.61279800233626,-73.94640991066382,2
40.60037623590577,-73.94559255612766,1
40.5855836090502,-73.93828557156014,3
40.58840454890652,-73.94725842674124,2
40.593602771016826,-73.96517256238884,4
40.59495467005316,-73.94440682143893,4
40.591494720957726,-73.95078999849126,3
40.59460890363444,-73.95016594296159,4
40.59452301892807,-73.96534531455099,1
40.59384314626049,-73.95275239789908,5
40.603475860816125,-73.95854150701976,3
40.59532393560416,-73.95622161344686,4
40.590833450838055,-73.94955572898098,2
40.60168391259512,-73.94642568925092,1
40.587756236123,-73.96859078300666,5
40.58088766128797,-73.94548407304502,1
40.5920995516295,-73.94647875160419,1
40.60082896004245,-73.96334754560695,5
40.61420027339633,-73.94573112343213,2
40.6945861877899,-73.93285878249755,2
40.69779677227472,-73.95603565215809,3
40.70020934085964,-73.93522492848997,1
40.702938493778326,-73.94830427924614,2
40.70666442427712,-73.96391775279741,4
40.70718259922642,-73.95225700219068,4
40.69047681594071,-73.95868819484726,4
40.70656072648095,-73.96339222932878,1
40.70124851400698,-73.96928548082124,1
40.70988424128315,-73.96429003826196,3
40.698248588892746,-73.94575047563093,1
40.70301060778281,-73.95130745275353,1
40.6911475632028,-73.97745209159868,3
40.70211100648969,-73.95506164104295,2
40.70453400735805,-73.95731092791654,1
40.69822169704709,-73.9522910200509,2
40.70444785734807,-73.95493871859398,3
40.703356215407645,-73.94624327267273,1
40.70226428976844,-73.96363964948588,1
40.700636939299,-73.96403609467109,2
40.701104220881696,-73.95745947784408,1
40.70688141006261,-73.93200645397467,1
40.70252365135683,-73.95720763102285,3
40.70789814765207,-73.95734873032782,4
40.707076465322665,-73.9364236050358,1
40.70499665572495,-73.9431416280338,3
40.70232185595808,-73.94812841623853,1
40.68911564280797,-73.95051041833446,1
40.69526872374854,-73.95663784153493,1
40.70005911885419,-73.95705015833276,1
40.70145389375893,-73.96185511281007,3
40.68605088800808,-73.94100594801226,4
40.69894352601842,-73.95601662240338,1
40.70777841150417,-73.94123047408927,3
40.7090003657918,-73.94935437682317,2
40.70986491822501,-73.96341712094987,2
40.69760157639209,-73.96768493651811,2
40.70691522559251,-73.95524788678038,1
40.706528213363605,-73.95734939475938,1
40.70058326708903,-73.96532805072587,4
40.6914202997534,-73.95453127902269,1
40.70558082360086,-73.9628380269057,1
40.70127342274467,-73.96037127755669,4
40.700569029777625,-73.9703225767127,1
40.70021852605861,-73.95156179077438,2
40.6978660177441,-73.95633007769669,1
40.699754941710815,-73.94931054838607,3
40.69474343988998,-73.96540616015594,2
40.70628924786421,-73.95898063716544,1
40.70646207716603,-73.95556800754555,1
40.7012416140152,-73.93597855344544,1
40.69083280128918,-73.94600974408557,5
40.709707539678455,-73.95727564345431,1
40.70012781729407,-73.95481245314176,5
40.58492649910874,-73.99815420383474,5
40.60331556056086,-74.0129992813071,1
40.60588083835671,-74.03091343539568,1
40.6055070885217,-74.03022696985528,1
40.595091737891536,-74.00039494079225,2
40.6042814538571,-74.01565000235676,1
40.58970755031722,-73.99081017570289,1
40.60183656326108,-74.01256639599191,2
40.60745270733453,-74.00331964049198,1
40.61830435433182,-73.94241498739468,1
40.62217891798176,-73.9491298783119,2
40.606628250513495,-73.92382120399989,3
40.61896029531345,-73.9368714648246,2
40.62159267350511,-73.94592962195048,1
40.62136793608499,-73.95356987810243,1
40.6348570464906,-73.94806069697556,2
40.63870025886826,-73.92848489521296,1
40.62127319577627,-73.9353424042307,4
40.620307574967576,-73.94673006539755,2
40.62697301163031,-73.95754627024944,3
40.62600186342409,-73.94335423527662,1
40.6366633541916,-73.94852179054838,1
40.618895687429394,-73.94569650037383,1
40.61343021585468,-73.94293850069712,1
40.61595879566286,-73.95940633194965,3
40.62332765042831,-73.93276556667789,1
40.63328726188614,-73.9447914540952,4
40.618745047035496,-73.93130573993172,1
40.63406299685056,-73.9450670383518,1
40.62192204562776,-73.96017671173222,1
40.63116596231781,-73.94393314647849,1
40.62188049063595,-73.95038160083075,1
40.616490137232255,-73.94252616727402,2
40.62867094252957,-73.94483952065059,1
40.60651440563364,-73.9628440779102,3
40.62373041701427,-73.91747017286984,1
40.62185523680096,-73.92531418767642,1
40.61590890512167,-73.94008259361338,1
40.63045426162479,-73.94395415842592,4
40.63211885026767,-73.95381868221993,1
40.63445001075597,-73.94135466041033,1
40.62642824309994,-73.94693789418069,4
40.63471186245409,-73.94513804666143,4
40.61551585980291,-73.95376125233514,1
40.61727448433166,-73.96015861152765,3
40.62451027900318,-73.95340900414025,3
40.63375805351444,-73.96390807185094,1
40.62038111912997,-73.95246812954402,5
40.6192890282554,-73.9450081693761,4
40.62443473042869,-73.92708798774481,2
40.64453434010619,-73.95846968045065,1
40.61862168734463,-73.94511028089808,5
40.603278234190064,-73.95338254198465,2
40.636967223481896,-73.93933768933424,2
40.615486570584686,-73.95045400590264,3
40.62317915919002,-73.93703808733083,3
40.621646475697545,-73.9559292648893,4
40.62400693227205,-73.96050479926448,3
40.62691715499089,-73.94678760395772,1
40.63095588960126,-73.9537279375905,1
40.60999367863061,-73.9555753279263,4
40.62681344253848,-73.9431354088108,1
40.61505919719044,-73.9601449267606,2
40.60913213758056,-73.95014566770044,4
40.63114825832303,-73.96264733851824,1
40.627116171225175,-73.93129357293641,2
40.7041710010014,-73.9482866201374,1
40.69049956082172,-73.94084768412583,2
40.69294867323536,-73.9328994091829,1
40.69660666264234,-73.9289812886882,1
40.678301867672,-73.9402469960337,1
40.68820834207566,-73.93617371956289,1
40.68779065897754,-73.9405003629696,1
40.68559246848994,-73.93517045088502,3
40.69765548210237,-73.94684429111369,4
40.67869563616496,-73.93026710862397,2
40.698499138693705,-73.92675245215844,2
40.686297555743714,-73.94595007571823,1
40.684295351002696,-73.94015276471643,1
40.69328279814869,-73.94094608647764,1
40.69389981420532,-73.93669777402232,2
40.70180637595772,-73.9339115155625,2
40.69572795879148,-73.947525861716,1
40.68913993352322,-73.94034525048582,2
40.68767539926164,-73.93293632988058,4
40.690055484806805,-73.91824112744652,4
40.68427731618944,-73.94989408477245,3
40.68504236550604,-73.93930691055527,2
40.694389828573335,-73.93039759992226,1
40.69746891993705,-73.94522982883827,1
40.69614320788241,-73.94348447264429,2
40.68765945034489,-73.93580023218769,1
40.6713691995453,-73.93561512261041,2
40.70985269618407,-73.94109590444204,3
40.69174248540239,-73.94162074286247,1
40.67672009350048,-73.93009615255417,1
40.69680265950333,-73.9324512902488,4
40.68628437945253,-73.93980032698694,2
40.68960506140369,-73.92622021698587,1
40.69921537562925,-73.93510162187766,1
40.67895263528578,-73.92745616397123,2
40.695194643370655,-73.94845624046964,2
40.69878163094096,-73.92138270921532,2
40.6981608321571,-73.93818040563563,4
40.681431648112735,-73.94464857050771,1
40.69819489376426,-73.93703891920539,3
40.7024234502809,-73.92155954484092,4
40.68682992829672,-73.92717540726679,1
40.69446426085884,-73.9465404739684,2
40.70169821775429,-73.94932610088462,3
40.68524461989608,-73.93298193027964,2
40.69423008163792,-73.93998070935083,1
40.69523774034573,-73.93824305775047,2
40.70135282630693,-73.93480220699685,1
40.6959996971364,-73.95415298612544,5
40.70213232427012,-73.92480522829828,2
40.69401562119326,-73.93294432371444,1
40.68311417096195,-73.95013292359141,3
40.678945843157926,-73.9415200423705,1
40.69412580863879,-73.93552083233891,3
40.70008106929964,-73.93055234465159,3
40.683346920331495,-73.9415848621394,3
40.682850012385614,-73.94312840358083,2
40.68315632547353,-73.94705118037058,2
40.6958413432878,-73.94128332705958,3
40.687154495868334,-73.92868228212487,3
40.69497921808392,-73.92544700578665,2
40.703646118205214,-74.01282827502888,2
40.690455280902974,-74.01812231679419,4
40.70292984639191,-74.0160984420153,4
40.60497748001114,-73.96379779428581,4
40.610644640992405,-73.95945065789665,1
40.6158847291767,-73.9814121486505,2
40.59159025899549,-73.96308783335603,5
40.6089963792569,-73.97616200764428,2
40.59027684556685,-73.97579996530129,2
40.60243645086446,-73.9744377680343,3
40.59243928920414,-73.97384665046577,5
40.59002424061768,-73.97855450998652,1
40.59787189752077,-73.96740714108529,1
40.61252849640606,-73.96427088775742,1
40.60316960375594,-73.96556540088075,4
40.61103525249436,-73.98136815725019,3
40.6028153760734,-73.96209968762723,3
40.60919715694671,-73.97624304326851,1
40.59992788074143,-73.95881290382073,3
40.60950550503412,-73.96603121816885,3
40.60350877658516,-73.97992636565012,2
40.61301373617059,-73.97246041114668,4
40.59276062624565,-73.97815476372196,2
40.594421384085486,-73.95365747755524,1
40.59612964654612,-73.97505168402488,1
40.61762645493179,-73.97632233367314,1
40.6118969279544,-73.97397876003531,3
40.59233775635623,-73.96978122551914,1
40.60501386114088,-73.98115638977681,2
40.60995970273017,-73.96693997885947,1
40.60866366173703,-73.97735094882819,1
40.60657762511074,-73.96929267344366,2
40.62105807898962,-73.97037908889426,1
40.61752183576347,-73.97668034117359,2
40.60670944430286,-73.9653331098104,1
40.606060256357935,-73.97686155337652,3
40.60373078455941,-73.97343530602762,2
40.597103379066695,-73.97674840410016,1
40.60794225050365,-73.95900443315567,1
40.59999595437695,-73.98555860099232,2
40.61577293108691,-73.97461474991583,1
40.58716293750127,-73.99182506694298,2
40.60432824844974,-73.97098925262478,1
40.60203063656127,-73.97587179181261,3
40.61196924346307,-73.96459258952693,3
40.612580205872845,-73.96449755902472,3
40.60720780838842,-73.97089074128345,3
40.59239315159146,-73.97063179205642,1
40.62090660641993,-73.97595938909323,1
40.62135515960507,-73.96751037241302,3
40.61088836981188,-73.96554307620336,1
40.60018038420704,-73.96225034018053,3
40.60791101016106,-73.97185243597845,3
40.58562047474677,-73.97187366333927,2
40.60837501894625,-73.9774011123592,2
40.60205131738326,-73.96728289124482,2
40.60959359640301,-73.98422006103088,3
40.60400982088962,-73.96464934819804,1
40.605092979089534,-73.97117138606123,4
40.59643365110813,-73.96562905983599,1
40.612753731627926,-73.97016341729339,1
40.59717215353311,-73.96559952392944,3
40.60381462761371,-73.97589011945666,1
40.6019039050932,-73.98404193116463,1
40.6113313090622,-73.9708599783801,2
40.59732287754096,-73.96629824491771,3
40.61062299415799,-73.97611673047764,2
40.601069052449496,-73.97625120428958,3
40.597025199966254,-73.96436014518675,1
40.60296327766447,-73.97227347999875,2
40.59727777516219,-73.95126887107753,2
40.66060976565521,-73.95360542336047,4
40.69469701538394,-73.97983642415227,4
40.66037220586362,-73.98178372730082,2
40.672844979896354,-73.94749096914884,2
40.6550164633595,-73.9534029799654,3
40.695181501982496,-73.94035687809712,1
40.676971738118105,-73.9821981507733,1
40.6762389651383,-73.94877701378213,3
40.65280266402653,-73.96817011883898,1
40.677925569679154,-73.96181671960152,1
40.66241010881416,-73.97206721678799,4
40.69863572276736,-73.95627406059774,3
40.65416276383198,-73.9558655562804,3
40.67532716154782,-73.98182990252938,2
40.67078346447639,-73.95683003559732,4
40.68558167373188,-73.95889099613747,1
40.66890362754991,-73.9760724750544,1
40.6991065066039,-73.9525472466013,1
40.68329122435798,-73.95800209146307,2
40.6835953990642,-73.95541046559802,2
40.66240503063188,-73.96654629099636,1
40.69340502239752,-73.95058423440005,1
40.677616886661056,-73.97472573778595,1
40.68628635211588,-73.95179956865694,2
40.65001484324696,-73.93386046622665,1
40.59782528322119,-73.9346667850996,3
40.59450410438921,-73.9430082115248,4
40.59382498691264,-73.9341642786753,1
40.603763389718495,-73.93864864220073,1
40.58894206069154,-73.95772163389097,2
40.58651331549292,-73.94479949731752,2
40.61681019376079,-73.95655111442444,4
40.617189706245455,-73.92812205416087,1
40.60528121485344,-73.94754652004856,4
40.59987245064489,-73.93835990308969,2
40.58923743796778,-73.932709609741,1
40.59442043995195,-73.93485393442563,4
40.60398496690623,-73.916184958508,4
40.59692591999412,-73.95146706963781,1
40.60219594588846,-73.94928264035663,2
40.585742690742535,-73.93657811846982,1
40.58830763368288,-73.93390328023531,2
40.57922774309511,-73.9374106992804,1
40.593301563362566,-73.93984252482059,2
40.60017090430128,-73.91144321436849,2
40.59774643792856,-73.95495683956887,2
40.58687631237995,-73.92156898245362,2
40.61055632151436,-73.93606489378878,5
40.59123508646925,-73.94186770702566,4
40.59623442023145,-73.94075509355176,2
40.59743593107412,-73.9599254398895,2
40.60170000508839,-73.93953035648472,1
40.60971324112923,-73.93587872049741,4
40.57837870437611,-73.94953209081109,3
40.59331951223528,-73.94223998459277,1
40.57831040193966,-73.95630010425198,1
40.65041667942802,-74.0194415911823,3
40.652618382414325,-74.0045741918143,1
40.64848983146898,-73.99890461839398,1
40.647245784667696,-74.00428676123988,2
40.654621682558485,-73.99960127003769,2
40.65229273769056,-74.0095764591434,1
40.65367810388286,-74.00830648746536,1
40.63733460484001,-73.98793658986287,3
40.64525513759102,-74.00850147672008,1
40.64326270885729,-73.99736102629755,1
40.65928719547586,-73.99616250522577,1
40.64903830213501,-73.99052605704013,3
40.635772315427616,-74.00884440802972,4
40.655921782453824,-73.99486204944142,4
40.652449724729706,-73.99410972949525,3
40.64334666270151,-73.98861701953578,1
40.65585080938795,-73.99416167981468,3
40.64545782372591,-73.99674897579132,2
40.64587085699654,-74.01435511520636,1
40.65847144816264,-73.99868269503526,3
40.65548748125092,-74.01602647335848,1
40.64187542724783,-73.99253745697831,5
40.6531992413785,-73.99453852203695,4
40.64793401176208,-74.00636087982966,1
40.63540560364083,-73.97279927484695,1
40.65201689438113,-74.00594611113335,1
40.660804986734064,-73.98945569619728,1
40.651597801923856,-73.97698586379204,5
40.648167379697504,-73.98759499548972,4
40.652319544347655,-74.00205630825015,3
40.64463792430849,-73.9883501890147,4
40.646779268072365,-73.96656058100592,1
40.63903892434483,-74.00507007485398,2
40.64584081505748,-73.992682344209,3
40.654686943803696,-73.98729579114672,2
40.650375659539165,-73.98439263489439,2
40.652249040458784,-73.9935731797946,1
40.64332786401718,-73.98953449448388,1
40.6527499098872,-74.00015219390134,3
40.65279039470661,-74.00545438509496,3
40.65046396726591,-74.0077856438325,3
40.65589179243865,-73.99756464615267,4
40.64173041514655,-74.01591389047796,3
40.65031627808276,-74.0154448199285,2
40.65091006716952,-73.9734181771204,2
40.649908963676936,-74.0017521267777,3
40.65318105358086,-74.00229522757236,2
40.64794959442044,-73.97631059951966,3
40.63783219687727,-74.00113905739738,2
40.6534217033085,-73.97717981161844,1
40.64747784042711,-74.00679164936143,1
40.65787527205478,-73.99650965982642,2
40.653716894714165,-74.00134159258607,1
40.59415998179525,-73.94959702097837,1
40.59843882227148,-73.95257197008986,2
40.60274788604099,-73.94869620891458,3
40.59926965366796,-73.96086669180904,3
40.6012206663221,-73.95114890137742,3
40.60004546981556,-73.94907851538663,1
40.60036618177837,-73.95742817663837,1
40.59550484123811,-73.95225352425874,2
40.60148532804916,-73.94812704349157,1
40.59955562512293,-73.95076938812012,3
40.60193106469395,-73.94602573016705,1
40.5958394178576,-73.94784751389305,1
40.59853019112031,-73.95377951391414,3
40.58818589056425,-73.95685586021833,2
40.60016764377772,-73.94548016520214,2
40.59912610195856,-73.95259716873525,3
40.601070672324255,-73.95595873728823,3
40.60510532704271,-73.95049500343198,2
40.58368169893335,-73.94751700243795,2
40.598323768021295,-73.95130028837859,5
40.59719496191512,-73.95199565866342,1
40.59582230116137,-73.95166179795964,2
40.59019198621873,-73.94901971271872,1
40.58664929391597,-73.955047025073,1
40.58993708518422,-73.95321441354989,1
40.595890820938095,-73.94326210830549,2
40.59983454088332,-73.95436568339781,2
40.60464468235067,-73.94995594695634,1
40.60120516737727,-73.95655828605287,1
40.60105128796843,-73.95542620491987,2
40.594652154215765,-73.9563594630367,4
40.59071589932561,-73.95224510289707,3
40.59349517535112,-73.95938498850057,3
40.598801924504,-73.95243745042579,3
40.59785485319568,-73.91926860502302,3
40.6057048379563,-73.92027134165754,1
40.614986312396965,-73.92984525729103,3
40.59228427824222,-73.92407247981883,3
40.58732025530912,-73.93358655846484,2
40.59320410877766,-73.91505358919953,4
40.59055889067077,-73.92568175932344,3
40.58628696221541,-73.93358231103993,2
40.59988868640628,-73.93867775287818,1
40.59411671675353,-73.92536762397515,2
40.5989849682806,-73.93836750349453,3
40.585334985965694,-73.92399847492719,4
40.62046438794008,-73.93046230084943,3
40.62130923639031,-73.92302466760236,3
40.621714327749416,-73.92477307823704,2
40.59494535064126,-73.9264117350955,3
40.59554316689778,-73.92772878121924,3
40.59964602551784,-73.93036112700791,2
40.59118375647535,-73.93474217137675,2
40.58270119561631,-73.92067519485093,4
40.60692954927291,-73.9124468121698,1
40.60130590787604,-73.92392339771038,1
40.58972616932186,-73.91582587674088,1
40.58867803324078,-73.92038186789972,1
40.58986240032339,-73.92681067169663,3
40.59389446553232,-73.92056865884112,2
40.60563782741229,-73.91943360788602,4
40.60646415145193,-73.92634414156336,3
40.60143062260028,-73.92645700690433,1
40.585721862444295,-73.92986682102914,3
40.604821793203406,-73.91130412102827,2
40.62505313872852,-73.93418192817268,1
40.59765876308532,-73.92665837099946,2
40.60504045373661,-73.9305023894998,2
40.59024408731507,-73.9216932508331,5
40.59000523324141,-73.9247482627119,3
40.58708030667604,-73.92227360810178,4
40.604955725073054,-73.92161379612818,1
40.59991299566773,-73.91633508913577,1
40.60555397780077,-73.92760194763972,2
40.617504225366005,-73.91297918749511,2
40.60331227236818,-73.92622545739101,3
40.60220804143272,-73.93186210547908,2
40.6119558534456,-73.935051154339,2
40.60922974693215,-73.92345744252627,3
40.60394855624572,-73.92888166766775,1
40.59538920768926,-73.91761316552495,3
40.59046719021289,-73.92257450100425,4
40.691741934032734,-73.96638376690937,4
40.70286640990953,-73.96764051797736,1
40.689326637982525,-73.96872604219763,1
40.69977411245223,-73.9712863951937,2
40.700313351075216,-73.9754099033014,2
40.69870263639368,-73.96013531475478,2
40.6957512283001,-73.95797850841836,1
40.70857902705231,-73.96705723910087,1
40.69596241833924,-73.97068593896107,2
40.708017687711965,-73.9638272135218,1
40.69444100390768,-73.96234627527225,1
40.68862069175206,-73.97575053738993,3
40.6982515140614,-73.96955056124392,2
40.68338958914527,-73.97515409379257,4
40.69336001444687,-73.97512198500196,2
40.687952472971695,-73.96412453447456,4
40.69616081121935,-73.9643653977478,1
40.69608419805517,-73.97060471257284,1
40.68797992583804,-73.96707490955909,2
40.69824235786123,-73.97277109334215,5
40.68365653572753,-73.96052855612885,1
40.69707224785691,-73.97506021510249,1
40.69048245919306,-73.96932640307278,1
40.68559168433582,-73.97473641258345,4
40.68022194724209,-73.96201018357999,1
40.7036172786977,-73.96868858453514,1
40.69885812894952,-73.96504826313593,2
40.70871904578006,-73.96704712334738,1
40.69096058672065,-73.95999338932806,1
40.699435799015454,-73.96909975444726,1
40.69824013894223,-73.96261481924093,1
40.674641597474064,-73.97126267093319,4
40.70451004633207,-73.96872594326268,4
40.68955304265059,-73.96520327638589,3
40.69554472130248,-73.9731379553661,1
40.69818071352653,-73.96228563951068,1
40.68985409366407,-73.9655358399504,2
40.69302431653611,-73.96271458794853,3
40.68951574450541,-73.95841728533388,2
40.693395190042594,-73.96052732086756,3
40.697570561034205,-73.96474813068696,3
40.696625867470935,-73.96118884090178,1
40.69079695546317,-73.96981835550227,2
40.684025746025256,-73.96370509083467,2
40.70252189540462,-73.95866838568077,3
40.698264136604365,-73.96477513330301,2
40.698992535611325,-73.97405375459977,5
40.70819011310497,-73.96560054363911,1
40.68117217569332,-73.96000655166526,3
40.699729636601504,-73.96874440144357,1
40.68985543261886,-73.97170382645648,2
40.68956660802524,-73.95716060112902,2
40.69598925966379,-73.9711452637759,1
40.69331177088807,-73.96652565028099,3
40.70457756310128,-73.963217376628,4
40.70032650809184,-73.95682299010825,3
40.69249338990981,-73.96341021440598,4
40.69909589633321,-73.98028093419144,3
40.58299349916072,-73.97089643702711,2
40.57826295079025,-73.96394678194007,1
40.59496481368724,-73.96333587678416,4
40.60723743061736,-73.9612888009405,3
40.59406450959328,-73.96453500401141,2
40.57499039505361,-73.95980257859227,5
40.57680931199484,-73.95516066275816,1
40.58896009437302,-73.94461734022576,2
40.57577200666703,-73.9598564184445,3
40.58239349652173,-73.9718965783538,4
40.57352485480229,-73.97716342840576,1
40.59835130991502,-73.94585449809242,4
40.705645298546216,-73.94348790751194,4
40.70794169314343,-73.94451044597379,1
40.694648916056174,-73.94393411582581,1
40.70805297095755,-73.94376479010576,1
40.708403533610806,-73.93930562033118,2
40.70372509169256,-73.93411893276019,2
40.704990595833216,-73.92886422878622,1
40.70302885585371,-73.94597169985408,2
40.70887439576104,-73.94413675997136,4
40.70888875130762,-73.9434204934185,1
40.70998512218805,-73.94235654570396,3
40.70672238535054,-73.94616008226022,3
40.70148693628734,-73.95416934754343,2
40.709276910826375,-73.94016785132233,3
40.70006876866872,-73.9429636127926,2
40.705152160585534,-73.94538239805333,3
40.70608210300888,-73.94819067455781,2
40.702302429114745,-73.95537386721267,3
40.70874224327387,-73.93966188195823,4
40.7064929438651,-73.93660796722651,3
40.70998661375816,-73.94738291221755,2
40.709092738606245,-73.9332302864357,3
40.70767151993852,-73.9272265460388,2
40.70514145888033,-73.94771255146884,2
40.70440707329236,-73.94015880547754,1
40.70885230365124,-73.94129218561727,1
40.69919760602632,-73.95345202197967,2
40.70745297817238,-73.94678131524553,2
40.695422172118754,-73.94741755861612,3
40.7029294468499,-73.94470894690853,1
40.70427804427917,-73.93652600262548,2
40.700773188872766,-73.93035274423308,1
40.70606182111052,-73.94432539108743,2
40.70306197566673,-73.93392793821062,4
40.707382672888215,-73.94220484154837,2
40.70108288676253,-73.94642507745746,2
40.70573475271596,-73.93532928259508,1
40.70514449030351,-73.94197940605694,3
40.70635152487252,-73.9374768363888,2
40.70607585065721,-73.93754798794255,4
40.70540106127237,-73.94901463260679,3
40.70779064899815,-73.93941975405247,5
40.69759381231348,-73.95578293941243,3
40.70431762107778,-73.94616326129358,1
40.7024390159584,-73.94704554611069,1
40.69952049636414,-73.95267698839845,3
40.699967599427325,-73.92972212584186,1
40.707360235613415,-73.93852389370402,2
40.70028328477836,-73.95300029891868,2
40.708640898311984,-73.93578192278626,2
40.6135653371423,-74.01813891761957,2
40.61762368064343,-74.03147596523681,2
40.59908050494286,-74.0067385250297,3
40.60838753896209,-74.02326634296698,2
40.607880016602174,-74.02431352011418,1
40.60767855617671,-74.02615147125407,1
40.61579090622226,-74.0247133950151,2
40.606457316654144,-73.99854618498811,1
40.60516627564527,-74.01770331938316,3
40.60999818587138,-74.01384914594105,3
40.60498793688879,-74.024282550685,1
40.6090163761249,-74.01928224557268,2
40.60578039991839,-74.00566474317101,2
40.61983400262345,-74.00220810521813,1
40.60172081282583,-74.00125393785659,1
40.60569892475959,-74.02279680481314,2
40.60815960897541,-74.02293955350193,1
40.612770471627066,-73.98384466826072,2
40.610284508799154,-74.03437778666277,3
40.61391280443643,-74.01457889593621,3
40.61995772612136,-74.02520245001662,4
40.60654022075956,-74.01487173620838,4
40.60955085791917,-74.01591209075511,4
40.58787991397985,-73.99480432967857,1
40.60676782421685,-74.01396688593196,4
40.6692278820879,-74.00309940111204,1
40.65176882933802,-74.0086957557466,1
40.66197657034423,-74.00206437350502,1
40.65172577567918,-74.01549351696816,3
40.655266597110085,-74.00678640527589,3
40.66168881789778,-74.00698686725518,1
40.65182582807493,-74.01592779203307,1
40.65817971963264,-74.01222513828789,1
40.65190482143186,-74.01475519016333,1
40.64048854855268,-74.01984720395586,2
40.6554049065032,-74.01322685591552,1
40.66955063526176,-74.00970660917713,1
40.651421775113896,-74.020785291601,1
40.672586781518135,-74.01212264612529,2
40.657430343048496,-74.00543805864494,1
40.6313999734571,-74.01012051055575,1
40.65921915594985,-73.99644497699593,2
40.64995922124128,-74.00735413910893,1
40.669612613100426,-74.00518227432475,1
40.655464470442325,-74.01491604334534,1
40.64468003846764,-74.01426586105093,2
40.65565471735815,-74.01261295518498,3
40.65686955516178,-74.0075393376443,4
40.65754447114284,-74.01008905374555,1
40.658035311701546,-74.00408686006188,2
40.65514938086459,-74.00836265283641,1
40.678438367454426,-74.00716173554741,1
40.65343757219259,-74.00652017170871,3
40.6506493553265,-73.99902912812009,4
40.65163350435861,-74.00962027542164,3
40.648825671378205,-74.00965953659671,2
40.61150298153223,-73.91779536288637,4
40.604609884702576,-73.92635623419444,5
40.61836318021462,-73.91462699752627,1
40.60519417650952,-73.93298970644929,1
40.60485862554626,-73.93263454480464,2
40.597379058350505,-73.91730696573815,1
40.616484066026615,-73.92820009893995,2
40.610822597375474,-73.92056428956458,3
40.611336757099565,-73.93643625736458,2
40.60472363012824,-73.9200324209703,1
40.611105273996834,-73.92595447090581,1
40.60258262675576,-73.92275170814243,2
40.61217343354499,-73.9225385456505,2
40.59732203228634,-73.92946586651216,3
40.60163562305973,-73.93348344773123,5
40.62139272236907,-73.92537769916333,1
40.618318340954666,-73.93059290216668,1
40.61117049321901,-73.91234614324922,2
40.60513036863912,-73.92550779693491,1
40.60431666712427,-73.91737159603677,1
40.62321033750624,-73.92625524577942,1
40.60216742975981,-73.9228711180064,2
40.61036033350368,-73.92008588904439,4
40.652399100240494,-73.97776040739137,2
40.65189177480183,-73.97749300782743,3
40.64886743998907,-73.95053514791518,3
40.66082542454489,-73.98233555546284,1
40.65006902165879,-73.9696052422785,1
40.65319599784869,-73.9869130864641,4
40.66012209608802,-73.9581474903878,3
40.65322630482669,-73.982741307449,1
40.64605697611683,-73.96633438463961,3
40.65326017066417,-73.9814231168388,3
40.6550118794373,-73.95848039030645,4
40.66227476032964,-73.97633230247192,3
40.65440578572431,-73.96416439982602,1
40.64531103762734,-73.98180566900704,1
40.65015056216376,-73.98663801927388,5
40.65540952315141,-73.97246481432516,1
40.6577479087958,-73.97758950488344,1
40.63602448875346,-73.9682177326612,2
40.65129426951032,-73.95594970279258,2
40.65319664439396,-73.977152913357,2
40.64661542925424,-73.95320515559132,1
40.6466368080188,-73.98183446346705,4
40.6576458514986,-73.96110823407297,1
40.65223272067289,-73.96040640848634,4
40.65877421316262,-73.94665736507534,2
40.648711435754485,-73.97922030580311,3
40.6544692485616,-73.96283332703808,3
40.652352002147055,-73.95157907337773,2
40.64818303199847,-73.969600995938,2
40.64182965972917,-73.98615862244174,1
40.65196114606447,-73.97523183956677,2
40.65350413118775,-73.96060387468748,2
40.6536056476667,-73.97369637959693,2
40.65366081292533,-73.96452212533016,2
40.66588330503421,-73.96917636596866,1
40.657497903498765,-73.98013555575966,1
40.6486015047496,-73.96680076700567,1
40.659391138164814,-73.9657478694233,2
40.659475486146725,-73.97585867096232,3
40.64924848916722,-73.96010612125126,1
40.64208729780781,-73.96091318669994,1
40.65323731944044,-73.95074841819279,1
40.65490576701727,-73.98236842057868,1
40.64395446617991,-73.96197354321093,3
40.65716041226806,-73.99260003481453,4
40.65662369782827,-73.98001165892887,1
40.65207922301623,-74.00633188554588,2
40.64721401626123,-73.96879441501153,2
40.64922266336493,-73.9788283092576,1
40.65142035325822,-73.98913746589443,1
40.6500693638954,-73.97907551819918,3
40.66110765367392,-73.95945848125993,1
40.652461724604585,-73.96548581491649,1
40.65752538818941,-73.96161105583342,2
40.65574705090495,-73.97317493056316,1
40.66124875174001,-73.97963705970932,1
40.65896555973829,-73.97911145403248,2
40.65965954385389,-73.97364060054613,4
40.65326734701877,-73.98603903619212,1
40.64773682187512,-73.95914352213188,1
40.64115785929168,-73.98062838375166,1
40.64449882505508,-73.96829114713393,1
40.648242171343526,-73.95889590962842,1
40.64693907182259,-73.96097468170758,2
40.64432996066563,-73.95801747423957,2
40.644290067000775,-73.98097361639009,4
40.65331908365964,-73.97842627094268,1
40.60355621159352,-73.94810454481484,1
40.624308888492806,-73.9442696046132,1
40.60494377560951,-73.95031248185643,2
40.61799418399791,-73.95287021363724,3
40.61884386724119,-73.97896963984664,3
40.62163417631689,-73.95222402256509,2
40.621253251737656,-73.97440162934622,2
40.60656937228429,-73.95761210536618,2
40.62323709516704,-73.93256353957426,2
40.60734547516834,-73.9239027573149,1
40.61453753813436,-73.9253628782873,1
40.62441570700214,-73.942047422934,1
40.6150635451051,-73.95594350770733,2
40.61228772016384,-73.95692828338503,3
40.621378815913054,-73.97095360479743,3
40.60746796578104,-73.96123039137053,1
40.60667969222153,-73.95174788077198,2
40.60684502931427,-73.94919425492232,2
40.61878613085594,-73.94486895139457,2
40.6193806079885,-73.93467868100825,3
40.63008760204548,-73.95240034009964,4
40.6037716805852,-73.94002657497639,4
40.60101567718716,-73.9522041527343,2
40.615600002271066,-73.95814653922517,1
40.60570350304011,-73.98218999020865,1
40.62399909870696,-73.95418607705027,1
40.60411832300326,-73.94911198665442,2
40.62416537433431,-73.93584812272108,1
40.614765802083646,-73.93178328909117,2
40.61912798781804,-73.94232628286304,2
40.59483982958707,-73.98352374765895,4
40.57668105152774,-73.9804432790293,4
40.59458860672073,-73.98560318231321,3
40.59879616390565,-73.97028632824708,3
40.58901468456392,-73.97609826203058,4
40.59447552944741,-73.97170211841261,1
40.58596389074184,-73.9718492096493,2
40.61361647126049,-73.9938826872357,1
40.57446347836482,-73.98088930254757,4
40.59483041445807,-73.96383484456322,1
40.59370752558081,-73.96811964858983,2
40.58954434426423,-73.9877313915186,1
40.59641085239416,-73.97114985511585,1
40.59141550807961,-73.98624249602753,2
40.58027103711531,-73.98031331020306,3
40.59937561501873,-73.97004106280923,1
40.57285938311696,-73.97250155574297,1
40.60501739869184,-73.98789013183374,2
40.58562990088621,-73.97673837730534,2
40.58455973000558,-73.99027090715538,3
40.62802033658729,-74.0145385825724,1
40.620981233102384,-74.02457880583798,1
40.61553763826276,-74.02360925731388,1
40.62452114217031,-74.025178887991,3
40.63099228806306,-74.03342942229379,2
40.63587796554514,-74.02923623753978,2
40.60557929846996,-74.02925606597822,1
40.6232375059575,-74.021545291728,1
40.62286730710807,-74.03013224198467,1
40.63299416019467,-74.02435242143198,4
40.63105834970926,-74.01618682379664,3
40.60602295442818,-74.02500912972461,1
40.6230596735577,-74.02874381850388,1
40.61864157861264,-74.02608598891666,2
40.623159607299264,-74.0304828313294,4
40.6242129872352,-74.03387278996641,1
40.60963732420063,-74.02286243269648,1
40.62965129561151,-74.0325028348512,2
40.6126568501943,-74.02152587753994,3
40.61762256793092,-74.02298583183958,3
40.61813626998826,-74.02434707429546,1
40.61863303139933,-74.02873957411464,1
40.68162649443863,-73.91760239697639,3
40.681828230355706,-73.90276416598293,2
40.66752968391416,-73.91132123335356,4
40.69323095548861,-73.91835543344622,1
40.68036575859049,-73.91897365931914,2
40.70162214396172,-73.90993649918065,5
40.69224121289424,-73.90677715022875,1
40.68179653918856,-73.91110092719235,2
40.694661806618406,-73.91577351595704,3
40.68099761518936,-73.92296742995887,4
40.68056419955467,-73.89983631669861,2
40.67462461809159,-73.9227192573305,1
40.685931579092255,-73.92094103408532,2
40.69045678284461,-73.91114395834782,3
40.686022595211575,-73.92402317185324,2
40.67583548995101,-73.91545400243778,4
40.68456307018863,-73.91640844040018,2
40.69706315453404,-73.91536986053494,1
40.683137100043766,-73.93324788504525,2
40.68716508150606,-73.90250817678468,2
40.69771256664354,-73.9264775940297,2
40.68896221422934,-73.90580462171378,1
40.69202392836746,-73.91451474834112,4
40.68535393180608,-73.91521472360967,1
40.69300659153227,-73.91560319758572,4
40.68006576234821,-73.91827008806932,4
40.618783679464265,-73.90482157507952,1
40.60803263616981,-73.9262648803751,5
40.62073014963509,-73.89894221726992,2
40.59579546506016,-73.90813335236699,3
40.61202981768594,-73.9061465006632,1
40.59817829363679,-73.91397692533864,3
40.59305163950999,-73.92455485867434,1
40.614765203820646,-73.90382128262186,1
40.61226989624126,-73.92433570763848,2
40.60681300465709,-73.91401817313222,1
40.60613724557536,-73.8977006610975,2
40.625167837990574,-73.90913160714705,2
40.59672691800216,-73.90280591272814,3
40.6104709741741,-73.9264551872949,1
40.615526627244215,-73.89857783670959,1
40.626382214208846,-73.91639027011807,1
40.607996776971696,-73.89925187323253,2
40.62180781109859,-73.90375460117825,1
40.60549106589703,-73.91359571533887,1
40.60091168071777,-73.93445975471926,3
40.626698171037646,-73.91464309137753,2
40.5989669405695,-73.90091185414768,4
40.60688630128913,-73.91187543086504,1
40.61199310831199,-73.9129834663342,2
40.609873962041625,-73.92162706911435,2
40.6168335036388,-73.9118825482081,2
40.62114583930983,-73.91023977181798,1
40.61251904331071,-73.91449586974059,3
40.6095945756403,-73.89900843391857,2
40.60097021086307,-73.91139194412571,1
40.60047800219384,-73.91167446759081,1
40.59151533069559,-73.91552066951576,3
40.61945001082879,-73.90270268402351,1
40.6173567738889,-73.89714213552176,1
40.6207100193307,-73.92846873039603,4
40.62120695604575,-73.9043803175547,1
40.6072586780958,-73.90649611509662,3
40.6121458519366,-73.92572030907802,1
40.611282791066486,-73.91034512702633,3
40.59910925532071,-73.9021986203635,1
40.57510376675607,-74.00968623260192,3
40.67410410192223,-73.90566936391039,1
40.706269428597054,-73.89740380652937,2
40.70506050549537,-73.92514419455638,1
40.69437147723919,-73.9117657653552,1
40.70610772196867,-73.90791797928037,3
40.68285394268436,-73.90977816773994,2
40.675748273946965,-73.90378871764268,1
40.690548925513816,-73.90868916144848,2
40.69904477934186,-73.89837416317143,1
40.70073030235209,-73.90050369869572,2
40.692429206515456,-73.92000625514551,2
40.69820261244505,-73.89748959075096,3
40.70102866777348,-73.91947235803866,2
40.69527331066317,-73.91373098161714,4
40.68740623533287,-73.89686531447843,5
40.681264549389695,-73.89953309313184,2
40.69665647818575,-73.9115708230763,2
40.69393362394163,-73.90768454635159,1
40.69966690956839,-73.90231744920199,2
40.69730902121586,-73.90347597524304,3
40.70218797045539,-73.90966375810605,2
40.69222780419395,-73.90880085419137,4
40.70345545560474,-73.91716553247676,1
40.62653763898077,-73.99796665903388,2
40.65420048810861,-73.99225983901549,1
40.64380781380678,-73.98771049220777,2
40.63600359208417,-73.99956557568122,1
40.63581081686685,-73.9981076880556,3
40.62792232996256,-73.9931291640974,3
40.63748791119789,-73.99176488788471,3
40.63279980121669,-73.98856085466393,1
40.65566378238422,-73.97638831388588,2
40.60163871330138,-73.99467118602784,4
40.635027811351726,-73.99852438428827,1
40.62816859855423,-74.00714901270001,3
40.62733123319459,-73.99702377472121,1
40.64370697470689,-73.98377403357047,1
40.6113048415755,-73.99996118990383,2
40.62341576635932,-74.000322931846,1
40.643959343029714,-73.99845744883726,1
40.60857635120602,-73.9958562790459,1
40.64286425476769,-73.9895866743063,1
40.61107624047379,-74.00215929395824,3
40.64008817882924,-74.00233757429754,3
40.60635290781936,-73.98980868710419,2
40.61340417445637,-73.99617343665403,2
40.6260659466924,-73.97645427680006,3
40.65156878197244,-73.99298059089566,3
40.62484532647788,-73.99528648242766,1
40.6496609847239,-74.00275560881497,2
40.62367864438259,-73.9922422601897,4
40.650831404230615,-73.99771807251697,5
40.646195378092855,-74.01415398293977,3
40.65010871539161,-73.99060980536571,1
40.65860323061115,-73.98943780177179,1
40.65183501670982,-74.0037776570506,1
40.65166537655568,-73.98978168070391,1
40.64272928468306,-73.98578920977133,4
40.65795107362885,-74.00654038312778,1
40.66657107648812,-73.98113823051557,3
40.650024168385634,-73.98244785005424,3
40.65367426583556,-73.99900173489452,2
40.65406388830821,-73.9872646379838,1
40.652540805741225,-73.98161100829876,2
40.66113118112296,-73.9979730934139,4
40.642529587256405,-73.99965675943861,5
40.64777120159567,-73.9972634701576,2
40.64647199463717,-73.98905145433565,3
40.65575621959307,-73.97929694907977,1
40.64537473375399,-73.97907835843714,3
40.65141425824961,-73.99924106208601,3
40.6466386208918,-73.99671695067649,1
40.64506753664436,-73.99872166272237,3
40.64598418381658,-73.96731532945424,3
40.6527153002739,-73.9911934843182,2
40.64538544529536,-73.99107519326353,3
40.65831131404315,-74.00437016906973,3
40.663251201620426,-73.97601498738968,3
40.65343329446783,-73.9937163635941,1
40.65526879739561,-73.99741951031866,2
40.6520656787312,-74.00219372356224,2
40.65117489230974,-73.98635016395399,4
40.64517367424542,-73.97930241424694,3
40.65444930872869,-73.99507119337835,2
40.65589613983493,-73.99941064144105,1
40.66003706571284,-73.97402012349147,1
40.63757021670971,-74.00848988541877,3
40.65151513914139,-73.98626653951128,1
40.64846900189168,-73.98924961857162,2
40.64678917242252,-74.00219418772224,3
40.65560998254516,-73.98986295323338,4
40.64796566555968,-74.00211071323118,1
40.65623193778588,-73.97554563170138,1
40.64439970442191,-73.99022130101226,5
40.65246864041226,-73.9938552599818,2
40.65834120916514,-74.00814099338135,2
40.6630245910715,-73.99172602221094,1
40.64396969408406,-73.99569289660009,3
40.581540796260605,-73.91474353693701,2
40.59952445597685,-73.90323695896154,3
40.600117392376376,-73.91349167225249,1
40.58985034691516,-73.90581957165165,2
40.58262308206584,-73.91259410431489,3
40.68859325968404,-73.95219414280025,2
40.67024343452311,-73.94420725727826,2
40.70234294314498,-73.93887801466566,4
40.68949098024631,-73.92645406475732,4
40.67309218628374,-73.94496986040964,3
40.6871557861833,-73.93597828225148,3
40.68506081462888,-73.94277104391172,2
40.670606428257045,-73.95753233727503,1
40.69617797925141,-73.93802326307377,1
40.69359909514771,-73.9445924825694,3
40.68631982593074,-73.95022858096215,3
40.6947195456633,-73.925134496008,2
40.683497390737294,-73.93950069113106,2
40.696866764241314,-73.95974604755034,1
40.67796495533533,-73.93625040028955,4
40.680176284049445,-73.92924303756611,2
40.6909318961599,-73.9125300609117,5
40.69445765124104,-73.91442669441636,2
40.6705982045491,-73.93872259151186,3
40.70367266876437,-73.94209724133408,5
40.69634606867002,-73.95759203868953,1
40.7074401408067,-73.93650268970855,2
40.70835462038024,-73.94748866832968,1
40.68278941541119,-73.97221497084495,2
40.70893555381547,-73.9379021297266,4
40.69078391684682,-73.9645957663812,3
40.699879922535736,-73.92506112387787,4
40.69579805956412,-73.93767476467346,1
40.69471192123371,-73.91290692408847,1
40.70128758333461,-73.93108985181362,3
40.6955776723224,-73.95393361958097,3
40.682726557327655,-73.93759303192901,1
40.70840263939398,-73.95355956417416,2
40.69624527052752,-73.93497916935122,4
40.68935809114094,-73.9399678723863,3
40.689725356225786,-73.95533810878622,3
40.69094454711784,-73.92298438978324,1
40.69212437692127,-73.93010914067163,2
40.70746010308988,-73.95185952438163,1
40.70924616175824,-73.94971970116227,3
40.60767177203392,-74.03234346638816,1
40.603880476905246,-74.00242933344735,3
40.60907437380855,-74.01549777996401,1
40.65264627877004,-73.91600531201813,1
40.64751179770786,-73.90867011520992,4
40.63732421986099,-73.9261659869358,2
40.65037241894276,-73.91419420127792,1
40.64639115905421,-73.90977071976685,1
40.6520285599306,-73.9336104234781,1
40.6516274626682,-73.91495052099559,1
40.66442596370163,-73.93155578020433,5
40.65609666662911,-73.93669639190502,1
40.665632943097336,-73.90477119359385,2
40.64308676557916,-73.9031968986214,2
40.66734465604216,-73.94120097936603,2
40.64986341585919,-73.9343671965138,4
40.65860424525958,-73.94078735947421,5
40.64394805553575,-73.92519913968103,5
40.64291319325216,-73.91380595136428,1
40.63978957300465,-73.93790201538712,4
40.65619760903305,-73.9191005123407,2
40.64915035479904,-73.92799716385626,3
40.65919550266468,-73.93833262691643,2
40.64819341993025,-73.90894596937609,4
40.65298133134127,-73.92270840431077,1
40.662847752880815,-73.92405626833387,3
40.65119891992397,-73.91704225544044,1
40.635145780074055,-73.91633540161399,4
40.64117092542882,-73.92111511033276,1
40.66581099934082,-73.91534880106114,2
40.6583566968834,-73.93251639361338,2
40.65453806590322,-73.92436884669432,4
40.658304520955234,-73.91700351894602,1
40.658616865930654,-73.93649151933799,1
40.65720049470267,-73.90676435390941,3
40.6520538654134,-73.91770991859134,2
40.6492311932896,-73.9148755018702,1
40.6549897082939,-73.91875172974416,1
40.66408247019831,-73.9038712961272,1
40.65782271113515,-73.91376131799619,1
40.65402655501223,-73.91247159687545,4
40.6594856704553,-73.94035271819533,3
40.64296935034224,-73.91174147488353,2
40.67153082944437,-73.9143694222889,1
40.67516069919797,-73.92595993192991,3
40.699883439355645,-73.92757989039033,1
40.67657235865648,-73.92445087713008,5
40.69013803166623,-73.939870683221,3
40.67923020315541,-73.93925859631071,2
40.69374715601418,-73.94729003188237,1
40.68355279722666,-73.95212763415478,4
40.69807961390815,-73.9310110482288,4
40.69171070720985,-73.92012880509982,4
40.68581983375277,-73.95421458769766,2
40.6867960408503,-73.94477317680067,2
40.6669727465473,-73.94577811917551,2
40.67307553988367,-73.96809411818235,3
40.67551551894712,-73.94077623714571,4
40.69670649050182,-73.94528821828433,1
40.681815894443616,-73.94538830160161,1
40.68658978223908,-73.93744218085918,1
40.68174050211528,-73.94613896537162,3
40.6913160952833,-73.91968665589953,1
40.67190199012386,-73.94303247495785,1
40.68321620534744,-73.95280194315902,4
40.663097195535,-73.93416466141522,1
40.70386594401466,-73.94821091993988,1
40.688347513266,-73.94054160332888,1
40.70921999819525,-73.94604926044279,1
40.68160268885184,-73.93093657574315,3
40.68169377367492,-73.94212341115423,3
40.69147028339319,-73.95670114341469,2
40.66678840024762,-73.94972407978938,2
40.68992564640955,-73.94730511245743,1
40.68637627699387,-73.96210577251087,1
40.66116936427834,-73.95022160544309,2
40.67552262810509,-73.94518217862088,2
40.68852920078658,-73.95468526583717,3
40.67743498169605,-73.95413935191866,3
40.69269264043593,-73.9545711520184,2
40.67579502485825,-73.96557011558576,2
40.67533404083321,-73.94791454418831,4
40.68688223592555,-73.94763355501772,5
40.69389362780176,-73.94405163760054,3
40.67957473453077,-73.97041574634451,4
40.70438967901007,-73.95353675190081,4
40.67119529699488,-73.94270372612975,3
40.676115245145645,-73.95590005815225,2
40.675211177308526,-73.942896017064,2
40.66503707200046,-73.94488362534044,1
40.68105556762917,-73.9312362485278,2
40.68129107932283,-73.9471049786417,1
40.69390580471809,-73.94183386841672,1
40.64372836990591,-73.9646846606938,3
40.67648893920009,-73.95178930804701,2
40.70077091148624,-73.95341438472316,2
40.68855793522124,-73.95583485974859,2
40.686504708621634,-73.9453938046713,3
40.69430856952394,-73.93391734324513,2
40.69433475853722,-73.93732031803023,2
40.70009122804382,-73.96167909833856,4
40.66967142555814,-73.95906362990857,1
40.672196839976536,-73.94588853594463,1
40.680152275535775,-73.93023051509569,2
40.69609793402911,-73.93295298308523,2
40.68849324861347,-73.95913641522526,3
40.69046529365925,-73.93726957411148,3
40.68368446231964,-73.9241330510514,4
40.66343146170895,-73.92085346372092,1
40.67521667179225,-73.95007292142535,1
40.68265899829311,-73.9466010396249,2
40.66902276065865,-73.96615453000305,1
40.574973279742224,-73.99403945533322,1
40.60954166337556,-74.00210316136807,2
40.60523597859116,-73.98520480972536,1
40.60471353206884,-74.01125042798232,1
40.60882536270006,-74.03277165627388,1
40.60494893924592,-74.00728399943253,2
40.60273070784193,-74.01274733214157,3
40.575103128301706,-73.99706327387423,4
40.57776185836794,-74.00268568264354,2
40.57471287725469,-74.00790380288771,3
40.57906307930772,-74.00072212987068,4
40.58250391867325,-73.98831105444987,1
40.59852791818188,-73.9997464058879,4
40.61600325162867,-74.02360738874292,1
40.60493139907469,-73.99014194392493,2
40.615649277587565,-74.01811529981009,2
40.57378628792362,-74.00630300415007,4
40.60988460906816,-74.01734439562534,3
40.59908432328634,-73.99226042015123,2
40.59900569427391,-73.99747029730455,3
40.571580848048505,-73.98529959660608,3
40.59036008930187,-73.99091181678907,2
40.60032316381956,-73.98037576138505,2
40.58404444910018,-73.97393607858012,4
40.57192636869159,-73.99462701225443,4
40.57891052772925,-74.00977728937606,1
40.57984785269224,-74.00174403326035,3
40.577692503689,-73.98497911008943,2
40.57754047489487,-73.98973394095471,2
40.5829994146929,-73.96781304069667,2
40.59079266459962,-73.98567140206664,1
40.57157071045367,-73.99234944170718,3
40.602392226527975,-74.01271484011853,1
40.577997049678,-73.96185278603099,1
40.59868350832342,-73.9901995717662,1
40.59358568146956,-73.98770129510268,3
40.58041075576724,-74.00478248808486,3
40.58297121374328,-73.98949850264194,2
40.58206078610233,-73.99020576568104,1
40.577417005670725,-74.00216761010746,1
40.58208489639702,-73.97775878078588,1
40.57868230025893,-74.00650446365158,2
40.59467614418728,-73.9937851704059,1
40.57273660525191,-73.97916054754766,4
40.57772857090384,-73.98809504746247,2
40.578635422030885,-74.00449361405809,3
40.58753836397671,-73.98926309271492,4
40.60225037775943,-73.97661355052261,1
40.59522424763255,-73.99744606137327,3
40.60886091575573,-74.00583018943499,1
40.59300016866586,-73.99083481793127,2
40.5940325845442,-73.98175351572408,2
40.578888049127166,-73.99482722108387,4
40.58434601089873,-73.98789158457359,1
40.57407626097781,-73.99769005631602,2
40.57725684693888,-73.9970879604884,1
40.66811710297512,-73.94531287730894,2
40.64291614280292,-73.94591890784639,3
40.667289056999856,-73.95508123975938,3
40.678358118984015,-73.96328436875407,1
40.68506127335599,-73.9566986592067,2
40.6821370630197,-73.96009663426942,3
40.653159768774,-73.93480243434622,1
40.671018905480025,-73.95064934499483,3
40.68403293635354,-73.95373960063398,3
40.66040471487527,-73.95918516258516,2
40.65028804438863,-73.94249953626492,4
40.68447721832106,-73.95436105685309,2
40.68155633331062,-73.95175807967816,4
40.66708752777912,-73.96054772950995,2
40.6729032761819,-73.95760722499872,2
40.6766042133971,-73.956812200137,4
40.68004029196753,-73.9522736351509,1
40.68208683793584,-73.97036178921543,5
40.67389749052754,-73.96896417370354,5
40.67987395120806,-73.943590184773,3
40.66114437019818,-73.95760166334249,2
40.65098854104468,-73.94959402220417,2
40.67231192924628,-73.97297314125215,2
40.673979292055535,-73.9662924611792,3
40.668646972156175,-73.95971182545902,1
40.679194118531385,-73.95478191751508,2
40.674997034580905,-73.93878365354907,3
40.68421662441417,-73.96390315721989,1
40.67287907138923,-73.95391711793228,1
40.688243809072816,-73.95840267804223,1
40.664109754312506,-73.98074921001287,2
40.69000844816368,-73.94651424813732,3
40.6833258929196,-73.9689413643131,3
40.68601822756709,-73.94827538807698,3
40.69234900228081,-73.95229889667132,1
40.68913248862403,-73.9582433500704,4
40.6687488394747,-73.95281506447488,2
40.674730989608165,-73.9644010675461,3
40.67076532380986,-73.96099429726279,1
40.68723038205708,-73.96661965750957,1
40.67361482890201,-73.94816233250981,2
40.68738405488289,-73.96507715253722,1
40.67833835812672,-73.95494819798851,2
40.678295481062456,-73.96327143566532,3
40.684195746111925,-73.94750792144362,1
40.66767036017954,-73.96215773556267,4
40.66919558487741,-73.95737869605811,3
40.676665905355485,-73.9639488764046,2
40.67414495764069,-73.95597604042648,1
40.67767415276123,-73.95158996080572,2
40.66555803019968,-73.95551664110751,3
40.68468155434466,-73.9603638568422,2
40.68536296285131,-73.94896735998809,3
40.65904912696684,-73.9463281800878,4
40.68020763211487,-73.94232965790997,5
40.681741312049226,-73.95524063068338,1
40.68009445638901,-73.98504666791568,1
40.67231491049424,-73.9591612286728,3
40.6841626326793,-73.96032470824889,3
40.68976429118698,-73.95676692824138,1
40.6913292719225,-73.95804794393644,2
40.68910507443702,-73.96051032542255,3
40.680150272563175,-73.96023118447609,3
40.681919352394246,-73.9653240372354,3
40.67317236566522,-73.97328726385419,1
40.684323588789546,-73.95270093379403,3
40.68039355289265,-73.95200210729347,5
40.662886037934406,-73.96265860809075,2
40.5916399562163,-73.98455530880611,4
40.57349370092551,-73.97882940788331,3
40.59334079432045,-73.97994875175482,1
40.605520244087785,-73.97386333634522,3
40.58005214680386,-73.97485005758797,2
40.625543391476526,-73.97252864715419,3
40.59730633471865,-73.98761799847279,2
40.58925067705384,-73.98294522558209,2
40.59780832915073,-73.97142723875788,2
40.60100481317268,-73.97042048588281,1
40.5774782897845,-73.98145932726823,4
40.59922152246357,-73.97213593355578,2
40.58734789033704,-73.99469607173414,2
40.58255439621362,-73.97521371868586,4
40.60526543633803,-73.9663019087119,1
40.57827055290952,-73.97355422763745,3
40.60932232316929,-73.98731650884102,3
40.6025585552846,-73.97188009895223,1
40.58458892980477,-73.96854689136565,2
40.61867732552796,-73.95542632034088,3
40.59588024030027,-73.97375412250587,2
40.589740827526825,-73.98560685767868,2
40.59438524573554,-73.96286855646981,1
40.5994585287902,-73.97479440139605,2
40.59480693770755,-73.974758504112,2
40.59121532077405,-73.9800019644845,1
40.60100077838379,-73.96662810248752,1
40.60427793194501,-73.9778408959504,1
40.591271497828046,-73.96316504806366,1
40.60706664379129,-73.9731650175855,1
40.59312632514,-73.95714104216583,3
40.58654478553645,-73.97001867739637,2
40.603890872654745,-73.98174264368096,2
40.58918263435373,-73.97308917742752,2
40.60089346430493,-73.9688915436154,1
40.579123543399554,-73.98285815638557,5
40.59586684425558,-73.97212508471858,2
40.58854310677106,-73.96493478542388,2
40.57713848753477,-73.96496062559545,2
40.59723287208048,-73.97917338067494,5
40.59487297079831,-73.9791434267104,3
40.59688184198151,-73.96279754299495,3
40.62000887859531,-73.96470801316518,2
40.61219986722229,-73.9762291191779,3
40.57951698837611,-73.9665154920001,2
40.59633326327234,-73.97197077439384,1
40.59604439857237,-73.982240003805,1
40.594779487954696,-73.98109640050173,1
40.59421661948325,-73.97659246903214,2
40.58616373973713,-73.9749595983265,1
40.58378095777712,-73.97441633174552,2
40.59771007027221,-73.96944814392891,1
40.61137265852471,-73.99271229924929,4
40.61239131976787,-73.97308560502486,4
40.57825511920454,-73.9712790317184,4
40.58952435926192,-73.96852744931043,2
40.59590442921999,-73.96711618476701,1
40.59996078366686,-73.99941336187719,2
40.61392389958888,-73.96983231490472,1
40.58818292478918,-73.96883982236436,2
40.58253810759522,-73.97036258532027,3
40.644941705985,-73.91559468124859,1
40.65885792908082,-73.91298377848953,2
40.6529068354283,-73.91372892752861,2
40.64258761358374,-73.91376155980203,3
40.64857245616164,-73.93029946731967,1
40.641463489308414,-73.90801682714428,3
40.6573452459299,-73.92125908882156,3
40.65764671156791,-73.93719305956911,2
40.66896532704227,-73.93027768441655,2
40.67849875148833,-73.90043802273225,1
40.64159909023388,-73.90829757040842,3
40.64589417135589,-73.92998734482619,1
40.638696950216016,-73.916144046269,1
40.66097335482136,-73.9189285097318,2
40.63906023212678,-73.92799442833487,2
40.659430573267926,-73.91081846938057,5
40.67405310022309,-73.90510385405354,3
40.6451976967774,-73.94206810326858,3
40.64929497046005,-73.90959202084768,3
40.663705713123626,-73.91608213000805,2
40.65546370841894,-73.9328656768413,1
40.66830929048224,-73.93759569668858,1
40.65784871958796,-73.91410468038218,3
40.64820050725052,-73.91044167848383,1
40.64706194998429,-73.93421198326858,2
40.63833771331913,-73.91643039051944,2
40.66389459232997,-73.93649696359199,1
40.67415547049634,-73.91064052156261,3
40.64945895995306,-73.91173879146051,1
40.66171846209004,-73.91022472566688,3
40.64243428867697,-73.91375955929954,1
40.6516217375638,-73.90819020786324,2
40.66897141509802,-73.9350639690563,1
40.67533285559722,-73.92261022146916,2
40.64811028224742,-73.91792645907235,2
40.65895156789749,-73.94666446437735,2
40.650761590309386,-73.91789994842586,3
40.64768584557818,-73.90153646193016,2
40.64447819919021,-73.9302158839134,1
40.63889313192857,-73.90590349768766,3
40.66014119523687,-73.91883570045893,3
40.63526853701632,-73.91838370379,3
40.65348105837454,-73.9206458823138,3
40.661326365054734,-73.90912657139089,3
40.65520530693044,-73.91858547476443,5
40.65590926919205,-73.93318139960323,2
40.65556984613856,-73.92923487279774,2
40.66717388246085,-73.9046048092076,2
40.64940383356409,-73.90939665600702,4
40.66474569951406,-73.89662292249136,2
40.64877874830464,-73.92084901969018,4
40.67008371256208,-73.93231203767718,2
40.661370708684125,-73.93084092085417,2
40.674683077736745,-73.9228561847209,1
40.67545126933407,-73.92886979045363,3
40.655851840909904,-73.95671983243665,5
40.64832735972757,-73.91709840460108,3
40.65639593780367,-73.92827554042151,3
40.666493590323526,-73.92204282488325,4
40.65310922712785,-73.9482250616108,3
40.664280605488514,-73.94184905803355,1
40.66108193376418,-73.91673254312033,4
40.67099676770427,-73.91996027221532,2
40.65828489719394,-73.93086749624446,1
40.64617253008492,-73.94274629307938,1
40.66622221932434,-73.94926939624,1
40.66604289912127,-73.94610170838209,1
40.65096633852421,-73.95229034390078,1
40.6548293846545,-73.93651797151232,1
40.65390516287573,-73.93844238200852,4
40.67274705299477,-73.94681972774185,1
40.65678067998133,-73.93913206448771,3
40.65612289385477,-73.93875121582738,1
40.66538272250676,-73.92425429434778,1
40.66632168833372,-73.92904417642238,1
40.67140656195525,-73.94033044353988,2
40.66934421329881,-73.94359257806295,5
40.67869080390954,-73.953371917486,2
40.658546668536495,-73.92674973858048,2
40.65413125697764,-73.93546217435221,2
40.6662403075991,-73.95095928883806,3
40.634193675898345,-73.948797605658,5
40.663038041766,-73.94058632297504,2
40.66347710411128,-73.93893062613998,2
40.66800604914654,-73.93703752567463,3
40.64186325707602,-73.93626265771127,3
40.67051058473654,-73.93092181237786,3
40.658911410642894,-73.92143978090563,3
40.6557154080734,-73.94799944421632,3
40.66279216487779,-73.94874317948134,2
40.64013146624764,-73.93149158153086,1
40.64229159059364,-73.95562349783782,1
40.65767601415817,-73.93561646118033,2
40.64648847386187,-73.94150233143316,3
40.63551260092792,-73.94638477357407,3
